id,,,happiness
8001,3.790199497,3.690199497,
8002,3.385723994,3.285723994,
8003,3.321966337,3.221966337,
8004,4.103105553,4.003105553,
8005,3.442902046,3.342902046,
8006,4.096937051,3.996937051,
8007,4.161107393,4.061107393,
8008,4.359279298,4.259279298,
8009,3.8219442,3.7219442,
8010,3.47087095,3.37087095,
8011,3.544609616,3.444609616,
8012,3.876542532,3.776542532,
8013,3.894279352,3.794279352,
8014,3.650823293,3.550823293,
8015,3.803699202,3.703699202,
8016,4.178605327,4.078605327,
8017,3.790307764,3.690307764,
8018,4.298832648,4.198832648,
8019,3.830177906,3.730177906,
8020,3.914586343,3.814586343,
8021,3.896075107,3.796075107,
8022,3.729542756,3.629542756,
8023,3.598324328,3.498324328,
8024,3.642449382,3.542449382,
8025,3.848415879,3.748415879,
8026,3.974876118,3.874876118,
8027,3.893969069,3.793969069,
8028,4.000899134,3.900899134,
8029,3.979653983,3.879653983,
8030,4.214004117,4.114004117,
8031,3.952486622,3.852486622,
8032,3.945820498,3.845820498,
8033,3.991543144,3.891543144,
8034,3.314539471,3.214539471,
8035,3.786480918,3.686480918,
8036,4.40096238,4.30096238,
8037,4.071714838,3.971714838,
8038,4.126252618,4.026252618,
8039,3.476550549,3.376550549,
8040,3.957156798,3.857156798,
8041,4.333910677,4.233910677,
8042,3.872532417,3.772532417,
8043,3.851232315,3.751232315,
8044,3.762288451,3.662288451,
8045,3.954121763,3.854121763,
8046,3.790428089,3.690428089,
8047,4.119254573,4.019254573,
8048,4.112321804,4.012321804,
8049,4.220580634,4.120580634,
8050,4.113214498,4.013214498,
8051,3.9775989,3.8775989,
8052,4.121136687,4.021136687,
8053,2.906118565,2.806118565,
8054,4.115779764,4.015779764,
8055,4.068627748,3.968627748,
8056,3.212860264,3.112860264,
8057,3.734084387,3.634084387,
8058,3.327205106,3.227205106,
8059,2.828361476,2.728361476,
8060,4.026063296,3.926063296,
8061,3.329252215,3.229252215,
8062,3.646591121,3.546591121,
8063,4.256443328,4.156443328,
8064,3.972301083,3.872301083,
8065,4.014476705,3.914476705,
8066,3.983784525,3.883784525,
8067,4.082685566,3.982685566,
8068,3.875870964,3.775870964,
8069,3.427603714,3.327603714,
8070,3.81048349,3.71048349,
8071,3.942095147,3.842095147,
8072,4.037182734,3.937182734,
8073,3.671238275,3.571238275,
8074,4.080723556,3.980723556,
8075,3.307109846,3.207109846,
8076,3.791804439,3.691804439,
8077,3.290818688,3.190818688,
8078,3.636042346,3.536042346,
8079,4.529907474,4.429907474,
8080,3.821921765,3.721921765,
8081,3.934544116,3.834544116,
8082,3.684228212,3.584228212,
8083,4.169742452,4.069742452,
8084,4.2966188,4.1966188,
8085,4.292995077,4.192995077,
8086,3.56841635,3.46841635,
8087,3.915480987,3.815480987,
8088,4.115357912,4.015357912,
8089,3.598370468,3.498370468,
8090,3.776966155,3.676966155,
8091,3.804305557,3.704305557,
8092,3.872480941,3.772480941,
8093,4.154955854,4.054955854,
8094,4.14689252,4.04689252,
8095,4.171244793,4.071244793,
8096,3.339335688,3.239335688,
8097,4.411750837,4.311750837,
8098,4.066274323,3.966274323,
8099,3.536108497,3.436108497,
8100,3.971002224,3.871002224,
8101,3.894876814,3.794876814,
8102,4.153014157,4.053014157,
8103,3.656390178,3.556390178,
8104,4.171098443,4.071098443,
8105,4.203170697,4.103170697,
8106,4.183047695,4.083047695,
8107,3.990442777,3.890442777,
8108,3.982184469,3.882184469,
8109,3.607058485,3.507058485,
8110,3.660937576,3.560937576,
8111,4.056604143,3.956604143,
8112,3.373291072,3.273291072,
8113,3.743619741,3.643619741,
8114,4.415330667,4.315330667,
8115,4.021676104,3.921676104,
8116,4.053012326,3.953012326,
8117,3.684034459,3.584034459,
8118,3.950906842,3.850906842,
8119,4.049526486,3.949526486,
8120,4.195201244,4.095201244,
8121,3.144498643,3.044498643,
8122,3.992665219,3.892665219,
8123,3.733300781,3.633300781,
8124,3.933246951,3.833246951,
8125,4.049481365,3.949481365,
8126,3.867521291,3.767521291,
8127,2.145538878,2.045538878,
8128,4.008541228,3.908541228,
8129,3.818998725,3.718998725,
8130,3.802028675,3.702028675,
8131,3.967761607,3.867761607,
8132,3.948932261,3.848932261,
8133,4.297734919,4.197734919,
8134,4.135233102,4.035233102,
8135,4.010092803,3.910092803,
8136,4.200696966,4.100696966,
8137,3.948456964,3.848456964,
8138,3.687033426,3.587033426,
8139,3.986121522,3.886121522,
8140,2.977476901,2.877476901,
8141,4.033438962,3.933438962,
8142,3.831111666,3.731111666,
8143,4.264919892,4.164919892,
8144,3.914291354,3.814291354,
8145,3.767480082,3.667480082,
8146,2.196441872,2.096441872,
8147,4.054041288,3.954041288,
8148,2.822140978,2.722140978,
8149,3.830889671,3.730889671,
8150,3.848842519,3.748842519,
8151,2.701625349,2.601625349,
8152,4.088517112,3.988517112,
8153,3.834691893,3.734691893,
8154,4.108707852,4.008707852,
8155,3.500788852,3.400788852,
8156,4.047212428,3.947212428,
8157,3.989725638,3.889725638,
8158,3.070473717,2.970473717,
8159,4.075931944,3.975931944,
8160,3.849013484,3.749013484,
8161,3.355752222,3.255752222,
8162,3.766570633,3.666570633,
8163,3.967544452,3.867544452,
8164,3.951141012,3.851141012,
8165,3.875909224,3.775909224,
8166,3.945760711,3.845760711,
8167,3.550937781,3.450937781,
8168,3.298838524,3.198838524,
8169,3.492996176,3.392996176,
8170,3.819705457,3.719705457,
8171,3.845318914,3.745318914,
8172,3.824507289,3.724507289,
8173,3.699503159,3.599503159,
8174,3.850340952,3.750340952,
8175,4.045073956,3.945073956,
8176,4.342757817,4.242757817,
8177,1.91888179,1.81888179,
8178,4.411185006,4.311185006,
8179,3.94083341,3.84083341,
8180,3.504863231,3.404863231,
8181,3.554789317,3.454789317,
8182,3.960558505,3.860558505,
8183,3.852316756,3.752316756,
8184,3.887995026,3.787995026,
8185,3.490670216,3.390670216,
8186,3.221580215,3.121580215,
8187,4.133331205,4.033331205,
8188,3.702567586,3.602567586,
8189,3.983802374,3.883802374,
8190,4.29932414,4.19932414,
8191,3.910866875,3.810866875,
8192,4.08926832,3.98926832,
8193,4.214930804,4.114930804,
8194,3.989969459,3.889969459,
8195,4.122599863,4.022599863,
8196,3.422401264,3.322401264,
8197,3.916863152,3.816863152,
8198,4.268982995,4.168982995,
8199,3.957595773,3.857595773,
8200,4.545944733,4.445944733,
8201,3.675029488,3.575029488,
8202,4.35150134,4.25150134,
8203,3.975963011,3.875963011,
8204,4.228973372,4.128973372,
8205,4.004702203,3.904702203,
8206,4.117057747,4.017057747,
8207,3.611763069,3.511763069,
8208,3.840316003,3.740316003,
8209,3.800526916,3.700526916,
8210,3.793458519,3.693458519,
8211,3.507177755,3.407177755,
8212,3.899057733,3.799057733,
8213,4.211709319,4.111709319,
8214,4.10127788,4.00127788,
8215,3.635582825,3.535582825,
8216,4.001219336,3.901219336,
8217,3.209556515,3.109556515,
8218,3.667336717,3.567336717,
8219,3.591406371,3.491406371,
8220,3.942393807,3.842393807,
8221,4.469595582,4.369595582,
8222,4.152047825,4.052047825,
8223,3.36033457,3.26033457,
8224,3.670809839,3.570809839,
8225,3.974753492,3.874753492,
8226,3.641354462,3.541354462,
8227,4.255516734,4.155516734,
8228,3.103023826,3.003023826,
8229,4.185589916,4.085589916,
8230,3.329896642,3.229896642,
8231,4.158408875,4.058408875,
8232,3.828947566,3.728947566,
8233,3.784732911,3.684732911,
8234,3.908740838,3.808740838,
8235,3.823936733,3.723936733,
8236,3.069709019,2.969709019,
8237,3.539744647,3.439744647,
8238,4.036183372,3.936183372,
8239,3.360294292,3.260294292,
8240,3.256089343,3.156089343,
8241,3.679860302,3.579860302,
8242,3.989557312,3.889557312,
8243,4.547723435,4.447723435,
8244,4.047801532,3.947801532,
8245,3.803773041,3.703773041,
8246,3.813493429,3.713493429,
8247,3.847339402,3.747339402,
8248,4.091927272,3.991927272,
8249,4.300589708,4.200589708,
8250,4.086544395,3.986544395,
8251,4.196458211,4.096458211,
8252,4.132643849,4.032643849,
8253,3.619090934,3.519090934,
8254,3.807056025,3.707056025,
8255,3.58354484,3.48354484,
8256,3.789205606,3.689205606,
8257,3.93119395,3.83119395,
8258,2.786173484,2.686173484,
8259,4.080699747,3.980699747,
8260,4.089219808,3.989219808,
8261,3.918563153,3.818563153,
8262,4.014548171,3.914548171,
8263,3.853763364,3.753763364,
8264,4.137223637,4.037223637,
8265,4.172056603,4.072056603,
8266,3.146206194,3.046206194,
8267,3.34187431,3.24187431,
8268,3.945922604,3.845922604,
8269,3.564904517,3.464904517,
8270,3.764411778,3.664411778,
8271,2.933645829,2.833645829,
8272,4.020901587,3.920901587,
8273,3.942847307,3.842847307,
8274,3.85670583,3.75670583,
8275,3.953839452,3.853839452,
8276,4.04288016,3.94288016,
8277,4.042247221,3.942247221,
8278,4.111246947,4.011246947,
8279,4.226002903,4.126002903,
8280,4.182450213,4.082450213,
8281,3.936729906,3.836729906,
8282,4.009021129,3.909021129,
8283,3.947700652,3.847700652,
8284,4.134310708,4.034310708,
8285,3.881178283,3.781178283,
8286,3.054232238,2.954232238,
8287,4.090716227,3.990716227,
8288,4.060101279,3.960101279,
8289,4.185517307,4.085517307,
8290,3.977317911,3.877317911,
8291,4.008637507,3.908637507,
8292,4.341438425,4.241438425,
8293,3.715404046,3.615404046,
8294,4.414116929,4.314116929,
8295,3.524542134,3.424542134,
8296,4.174088064,4.074088064,
8297,3.539436172,3.439436172,
8298,4.629518809,4.529518809,
8299,2.654854602,2.554854602,
8300,3.403711042,3.303711042,
8301,3.805287844,3.705287844,
8302,4.126034716,4.026034716,
8303,3.670651904,3.570651904,
8304,3.958633622,3.858633622,
8305,3.976377349,3.876377349,
8306,4.255925872,4.155925872,
8307,4.411238045,4.311238045,
8308,4.083203363,3.983203363,
8309,3.978834395,3.878834395,
8310,3.340911447,3.240911447,
8311,4.122897994,4.022897994,
8312,4.427359062,4.327359062,
8313,3.993436779,3.893436779,
8314,3.227408665,3.127408665,
8315,4.211917663,4.111917663,
8316,3.970322697,3.870322697,
8317,3.831746043,3.731746043,
8318,4.269848585,4.169848585,
8319,3.147567442,3.047567442,
8320,3.786543477,3.686543477,
8321,4.228783208,4.128783208,
8322,4.120870582,4.020870582,
8323,3.820703441,3.720703441,
8324,3.868086727,3.768086727,
8325,3.947294268,3.847294268,
8326,4.273447554,4.173447554,
8327,4.005407618,3.905407618,
8328,4.268457181,4.168457181,
8329,2.68553702,2.58553702,
8330,4.252907838,4.152907838,
8331,4.036190856,3.936190856,
8332,3.955654506,3.855654506,
8333,3.57907791,3.47907791,
8334,4.176761913,4.076761913,
8335,3.555408742,3.455408742,
8336,3.976012748,3.876012748,
8337,3.679929201,3.579929201,
8338,4.202723641,4.102723641,
8339,3.717870802,3.617870802,
8340,3.42433552,3.32433552,
8341,4.040958815,3.940958815,
8342,3.80603633,3.70603633,
8343,3.462038209,3.362038209,
8344,3.945927486,3.845927486,
8345,3.878695181,3.778695181,
8346,3.226666209,3.126666209,
8347,3.285397849,3.185397849,
8348,3.966377756,3.866377756,
8349,3.903721049,3.803721049,
8350,3.636223317,3.536223317,
8351,3.840396854,3.740396854,
8352,3.425488442,3.325488442,
8353,3.142418711,3.042418711,
8354,4.213065682,4.113065682,
8355,3.466123236,3.366123236,
8356,4.130134543,4.030134543,
8357,3.888260238,3.788260238,
8358,3.974072682,3.874072682,
8359,3.789698017,3.689698017,
8360,3.877429458,3.777429458,
8361,4.325308535,4.225308535,
8362,4.183227016,4.083227016,
8363,3.471387037,3.371387037,
8364,3.705802039,3.605802039,
8365,3.98831493,3.88831493,
8366,3.524626166,3.424626166,
8367,4.269778595,4.169778595,
8368,4.02992096,3.92992096,
8369,3.679534663,3.579534663,
8370,3.588819471,3.488819471,
8371,4.236537322,4.136537322,
8372,3.680277673,3.580277673,
8373,2.726570848,2.626570848,
8374,3.018186768,2.918186768,
8375,3.981501613,3.881501613,
8376,4.602324915,4.502324915,
8377,3.963735145,3.863735145,
8378,3.924844562,3.824844562,
8379,4.241635464,4.141635464,
8380,3.305606135,3.205606135,
8381,4.2569544,4.1569544,
8382,3.876340251,3.776340251,
8383,4.329766919,4.229766919,
8384,3.59903636,3.49903636,
8385,4.145753823,4.045753823,
8386,4.052527731,3.952527731,
8387,4.235737615,4.135737615,
8388,4.126505508,4.026505508,
8389,3.121694876,3.021694876,
8390,4.119258195,4.019258195,
8391,3.788345439,3.688345439,
8392,3.842827652,3.742827652,
8393,3.820080053,3.720080053,
8394,4.197484871,4.097484871,
8395,4.134679443,4.034679443,
8396,3.661706936,3.561706936,
8397,3.865489619,3.765489619,
8398,3.301539596,3.201539596,
8399,4.059190556,3.959190556,
8400,4.101465876,4.001465876,
8401,4.487172024,4.387172024,
8402,3.658046492,3.558046492,
8403,4.23373516,4.13373516,
8404,4.088671831,3.988671831,
8405,4.079656828,3.979656828,
8406,4.159917216,4.059917216,
8407,3.753667604,3.653667604,
8408,4.392814853,4.292814853,
8409,4.153013454,4.053013454,
8410,4.057343578,3.957343578,
8411,4.043006146,3.943006146,
8412,3.496363223,3.396363223,
8413,4.173134802,4.073134802,
8414,4.283130574,4.183130574,
8415,3.498419716,3.398419716,
8416,3.953179651,3.853179651,
8417,4.067230245,3.967230245,
8418,4.302470294,4.202470294,
8419,3.881283586,3.781283586,
8420,3.989753446,3.889753446,
8421,4.116880638,4.016880638,
8422,3.444564057,3.344564057,
8423,4.253394745,4.153394745,
8424,3.227453532,3.127453532,
8425,4.150340308,4.050340308,
8426,3.968640619,3.868640619,
8427,3.779323054,3.679323054,
8428,4.328300384,4.228300384,
8429,3.744689933,3.644689933,
8430,4.199334578,4.099334578,
8431,4.096854794,3.996854794,
8432,4.311294537,4.211294537,
8433,4.051192872,3.951192872,
8434,4.402240687,4.302240687,
8435,3.95110233,3.85110233,
8436,3.741942021,3.641942021,
8437,4.0597517,3.9597517,
8438,4.017112291,3.917112291,
8439,3.363222622,3.263222622,
8440,3.053661611,2.953661611,
8441,3.958233231,3.858233231,
8442,3.870014966,3.770014966,
8443,4.048707179,3.948707179,
8444,3.906961982,3.806961982,
8445,3.757045857,3.657045857,
8446,3.448804197,3.348804197,
8447,3.458871519,3.358871519,
8448,3.389333237,3.289333237,
8449,3.533727231,3.433727231,
8450,3.268564795,3.168564795,
8451,3.01588705,2.91588705,
8452,2.715759136,2.615759136,
8453,4.297424722,4.197424722,
8454,4.011269622,3.911269622,
8455,3.647582437,3.547582437,
8456,4.200139661,4.100139661,
8457,3.722422852,3.622422852,
8458,4.143826247,4.043826247,
8459,4.16754978,4.06754978,
8460,3.677709088,3.577709088,
8461,3.497203824,3.397203824,
8462,3.851814673,3.751814673,
8463,3.913923576,3.813923576,
8464,3.837704931,3.737704931,
8465,3.844545921,3.744545921,
8466,4.225039309,4.125039309,
8467,3.026952722,2.926952722,
8468,3.465465385,3.365465385,
8469,4.042393152,3.942393152,
8470,3.765030055,3.665030055,
8471,3.891445402,3.791445402,
8472,4.171624271,4.071624271,
8473,4.281696499,4.181696499,
8474,4.034802482,3.934802482,
8475,3.787383918,3.687383918,
8476,4.214559604,4.114559604,
8477,4.03864429,3.93864429,
8478,3.816161257,3.716161257,
8479,4.279786571,4.179786571,
8480,2.929296472,2.829296472,
8481,3.889263235,3.789263235,
8482,3.126131452,3.026131452,
8483,3.46078105,3.36078105,
8484,3.906910423,3.806910423,
8485,4.259406085,4.159406085,
8486,4.645402987,4.545402987,
8487,3.97123247,3.87123247,
8488,4.183868842,4.083868842,
8489,4.092575611,3.992575611,
8490,3.998118865,3.898118865,
8491,4.034196392,3.934196392,
8492,4.334514738,4.234514738,
8493,4.127800175,4.027800175,
8494,4.23669585,4.13669585,
8495,3.838671734,3.738671734,
8496,4.145324558,4.045324558,
8497,2.355809388,2.255809388,
8498,3.378825867,3.278825867,
8499,3.955908644,3.855908644,
8500,3.893912033,3.793912033,
8501,3.877371954,3.777371954,
8502,3.567431995,3.467431995,
8503,4.200109242,4.100109242,
8504,3.581273896,3.481273896,
8505,2.559464333,2.459464333,
8506,4.236833665,4.136833665,
8507,4.209404536,4.109404536,
8508,3.139487417,3.039487417,
8509,3.978574797,3.878574797,
8510,3.784017512,3.684017512,
8511,3.906284811,3.806284811,
8512,4.160390074,4.060390074,
8513,3.623191949,3.523191949,
8514,4.177684749,4.077684749,
8515,3.824906035,3.724906035,
8516,3.43194243,3.33194243,
8517,2.956974279,2.856974279,
8518,3.343165502,3.243165502,
8519,4.199985886,4.099985886,
8520,4.200123464,4.100123464,
8521,3.745755692,3.645755692,
8522,3.289731471,3.189731471,
8523,3.354263793,3.254263793,
8524,3.939043194,3.839043194,
8525,3.859092087,3.759092087,
8526,4.333780806,4.233780806,
8527,4.110076585,4.010076585,
8528,3.436722816,3.336722816,
8529,3.391380718,3.291380718,
8530,4.308967264,4.208967264,
8531,3.959976681,3.859976681,
8532,3.885058065,3.785058065,
8533,3.761364384,3.661364384,
8534,4.428816108,4.328816108,
8535,4.239666823,4.139666823,
8536,4.281259309,4.181259309,
8537,3.454434136,3.354434136,
8538,4.287221937,4.187221937,
8539,3.758434131,3.658434131,
8540,3.870580189,3.770580189,
8541,4.337662312,4.237662312,
8542,3.369433133,3.269433133,
8543,3.484182263,3.384182263,
8544,3.78675872,3.68675872,
8545,4.059904543,3.959904543,
8546,3.991805247,3.891805247,
8547,4.007866762,3.907866762,
8548,4.041109236,3.941109236,
8549,3.182951194,3.082951194,
8550,3.662838486,3.562838486,
8551,4.012478233,3.912478233,
8552,4.068897852,3.968897852,
8553,4.21067424,4.11067424,
8554,3.988169066,3.888169066,
8555,4.383187436,4.283187436,
8556,4.06192625,3.96192625,
8557,3.711651687,3.611651687,
8558,3.648122964,3.548122964,
8559,3.8669606,3.7669606,
8560,3.574567996,3.474567996,
8561,3.804601162,3.704601162,
8562,4.00669954,3.90669954,
8563,3.688048699,3.588048699,
8564,4.254940505,4.154940505,
8565,4.648305324,4.548305324,
8566,4.329256511,4.229256511,
8567,4.393102705,4.293102705,
8568,3.422610786,3.322610786,
8569,1.752925575,1.652925575,
8570,3.748414274,3.648414274,
8571,4.119837867,4.019837867,
8572,3.15033168,3.05033168,
8573,1.334221063,1.234221063,
8574,3.984317133,3.884317133,
8575,3.929338626,3.829338626,
8576,3.500288993,3.400288993,
8577,4.017794952,3.917794952,
8578,3.922562078,3.822562078,
8579,3.962383985,3.862383985,
8580,4.309176555,4.209176555,
8581,3.789524934,3.689524934,
8582,3.729565485,3.629565485,
8583,4.00702177,3.90702177,
8584,3.700066374,3.600066374,
8585,3.961577564,3.861577564,
8586,3.955681147,3.855681147,
8587,3.731650116,3.631650116,
8588,4.186475166,4.086475166,
8589,4.158995259,4.058995259,
8590,4.066456363,3.966456363,
8591,4.160967114,4.060967114,
8592,3.893158405,3.793158405,
8593,3.970929227,3.870929227,
8594,3.808702062,3.708702062,
8595,2.257904873,2.157904873,
8596,4.299862446,4.199862446,
8597,3.943785627,3.843785627,
8598,3.832355596,3.732355596,
8599,4.0463875,3.9463875,
8600,4.282483253,4.182483253,
8601,3.103019056,3.003019056,
8602,3.118791012,3.018791012,
8603,3.830777522,3.730777522,
8604,3.256266772,3.156266772,
8605,4.082004789,3.982004789,
8606,3.902880503,3.802880503,
8607,3.818801628,3.718801628,
8608,4.257131983,4.157131983,
8609,4.230551277,4.130551277,
8610,3.434213852,3.334213852,
8611,4.158441426,4.058441426,
8612,3.897106571,3.797106571,
8613,3.821608512,3.721608512,
8614,3.700565735,3.600565735,
8615,4.175023053,4.075023053,
8616,4.283287461,4.183287461,
8617,3.524108354,3.424108354,
8618,3.72597296,3.62597296,
8619,4.140533528,4.040533528,
8620,3.938957269,3.838957269,
8621,2.920612513,2.820612513,
8622,4.209687776,4.109687776,
8623,4.549191635,4.449191635,
8624,3.288458056,3.188458056,
8625,2.379593272,2.279593272,
8626,4.350606687,4.250606687,
8627,3.716653358,3.616653358,
8628,4.306939237,4.206939237,
8629,4.128843612,4.028843612,
8630,3.99323631,3.89323631,
8631,3.797201385,3.697201385,
8632,3.20251479,3.10251479,
8633,3.873241558,3.773241558,
8634,3.960622996,3.860622996,
8635,3.314635043,3.214635043,
8636,3.837411667,3.737411667,
8637,3.746409089,3.646409089,
8638,4.051860853,3.951860853,
8639,3.568496999,3.468496999,
8640,2.58285137,2.48285137,
8641,4.314790535,4.214790535,
8642,3.24383985,3.14383985,
8643,3.932187926,3.832187926,
8644,4.344471927,4.244471927,
8645,3.359380307,3.259380307,
8646,3.777403974,3.677403974,
8647,3.601234295,3.501234295,
8648,3.874046898,3.774046898,
8649,4.283419269,4.183419269,
8650,3.923549099,3.823549099,
8651,4.107590594,4.007590594,
8652,2.385565029,2.285565029,
8653,3.680432144,3.580432144,
8654,3.962158991,3.862158991,
8655,3.592965173,3.492965173,
8656,3.980876653,3.880876653,
8657,4.193521293,4.093521293,
8658,3.092891053,2.992891053,
8659,3.61711544,3.51711544,
8660,4.035491639,3.935491639,
8661,3.882140292,3.782140292,
8662,3.921637214,3.821637214,
8663,4.256985163,4.156985163,
8664,3.583173887,3.483173887,
8665,4.107359573,4.007359573,
8666,4.091673502,3.991673502,
8667,4.430730178,4.330730178,
8668,4.094185412,3.994185412,
8669,3.806919132,3.706919132,
8670,3.614820351,3.514820351,
8671,3.611763857,3.511763857,
8672,3.948287794,3.848287794,
8673,3.472666918,3.372666918,
8674,4.082734546,3.982734546,
8675,3.606148784,3.506148784,
8676,4.254542721,4.154542721,
8677,3.383175516,3.283175516,
8678,3.898602233,3.798602233,
8679,3.640043555,3.540043555,
8680,2.441291627,2.341291627,
8681,3.779418252,3.679418252,
8682,4.05021458,3.95021458,
8683,3.893974928,3.793974928,
8684,4.614372202,4.514372202,
8685,3.621217992,3.521217992,
8686,3.855708011,3.755708011,
8687,4.203407668,4.103407668,
8688,4.00850688,3.90850688,
8689,4.080929902,3.980929902,
8690,3.932367324,3.832367324,
8691,3.933054433,3.833054433,
8692,4.293451729,4.193451729,
8693,3.967370864,3.867370864,
8694,2.652298767,2.552298767,
8695,3.973824585,3.873824585,
8696,3.691663824,3.591663824,
8697,4.20402541,4.10402541,
8698,4.039843395,3.939843395,
8699,3.735370652,3.635370652,
8700,4.330309535,4.230309535,
8701,4.070126158,3.970126158,
8702,3.957504898,3.857504898,
8703,4.04642268,3.94642268,
8704,3.876260916,3.776260916,
8705,3.400491807,3.300491807,
8706,3.553120286,3.453120286,
8707,3.93913677,3.83913677,
8708,3.959791731,3.859791731,
8709,3.174462462,3.074462462,
8710,4.140424554,4.040424554,
8711,3.388127922,3.288127922,
8712,4.133566445,4.033566445,
8713,4.091940112,3.991940112,
8714,3.284477498,3.184477498,
8715,4.706019309,4.606019309,
8716,3.856852886,3.756852886,
8717,3.917595204,3.817595204,
8718,3.885974448,3.785974448,
8719,4.016636276,3.916636276,
8720,3.658394757,3.558394757,
8721,3.421096674,3.321096674,
8722,3.969315665,3.869315665,
8723,3.390162024,3.290162024,
8724,4.291960194,4.191960194,
8725,3.038323332,2.938323332,
8726,3.607539082,3.507539082,
8727,3.958856085,3.858856085,
8728,3.893853966,3.793853966,
8729,4.215085984,4.115085984,
8730,3.07284505,2.97284505,
8731,4.138977673,4.038977673,
8732,4.004903472,3.904903472,
8733,3.996893822,3.896893822,
8734,3.99209252,3.89209252,
8735,3.681615904,3.581615904,
8736,3.232804615,3.132804615,
8737,4.137201687,4.037201687,
8738,4.139058133,4.039058133,
8739,3.982387099,3.882387099,
8740,3.750764369,3.650764369,
8741,3.592988716,3.492988716,
8742,3.846566744,3.746566744,
8743,3.957507978,3.857507978,
8744,3.271101375,3.171101375,
8745,3.678106478,3.578106478,
8746,3.914721542,3.814721542,
8747,4.001448598,3.901448598,
8748,4.49248919,4.39248919,
8749,4.0913606,3.9913606,
8750,4.030874811,3.930874811,
8751,4.236096645,4.136096645,
8752,3.131722575,3.031722575,
8753,4.147553175,4.047553175,
8754,3.286479816,3.186479816,
8755,4.019488321,3.919488321,
8756,2.940002823,2.840002823,
8757,4.374009915,4.274009915,
8758,3.842882579,3.742882579,
8759,4.320048963,4.220048963,
8760,3.78009589,3.68009589,
8761,3.797301198,3.697301198,
8762,2.433538759,2.333538759,
8763,3.762886285,3.662886285,
8764,4.072981197,3.972981197,
8765,3.697932772,3.597932772,
8766,4.128933186,4.028933186,
8767,4.15721679,4.05721679,
8768,4.068821494,3.968821494,
8769,4.006973902,3.906973902,
8770,4.006337133,3.906337133,
8771,4.256910357,4.156910357,
8772,3.995073777,3.895073777,
8773,4.421918842,4.321918842,
8774,3.782260972,3.682260972,
8775,3.783928254,3.683928254,
8776,3.999887193,3.899887193,
8777,4.051231984,3.951231984,
8778,3.384425184,3.284425184,
8779,3.476343783,3.376343783,
8780,3.620610478,3.520610478,
8781,3.183093031,3.083093031,
8782,4.275010934,4.175010934,
8783,4.355744218,4.255744218,
8784,3.925417368,3.825417368,
8785,4.187374696,4.087374696,
8786,3.859550881,3.759550881,
8787,3.262301224,3.162301224,
8788,3.988349678,3.888349678,
8789,3.69366417,3.59366417,
8790,4.496670098,4.396670098,
8791,3.221419722,3.121419722,
8792,4.140470926,4.040470926,
8793,4.073394792,3.973394792,
8794,4.079798308,3.979798308,
8795,4.100295482,4.000295482,
8796,4.151882547,4.051882547,
8797,3.708601251,3.608601251,
8798,3.878315146,3.778315146,
8799,4.268752382,4.168752382,
8800,3.741078212,3.641078212,
8801,3.945016216,3.845016216,
8802,3.442324607,3.342324607,
8803,4.272263849,4.172263849,
8804,3.65942436,3.55942436,
8805,3.461877435,3.361877435,
8806,4.109886061,4.009886061,
8807,4.4515397,4.3515397,
8808,4.651391506,4.551391506,
8809,3.692404913,3.592404913,
8810,4.295379972,4.195379972,
8811,2.587060247,2.487060247,
8812,4.009400268,3.909400268,
8813,4.373235658,4.273235658,
8814,3.904311463,3.804311463,
8815,4.236652143,4.136652143,
8816,3.813149573,3.713149573,
8817,3.605681616,3.505681616,
8818,3.986685535,3.886685535,
8819,3.892382185,3.792382185,
8820,2.71204102,2.61204102,
8821,4.078475629,3.978475629,
8822,3.373829838,3.273829838,
8823,4.200342696,4.100342696,
8824,3.858282141,3.758282141,
8825,3.590812685,3.490812685,
8826,3.763051534,3.663051534,
8827,4.085062817,3.985062817,
8828,3.794170278,3.694170278,
8829,2.894981703,2.794981703,
8830,3.317985912,3.217985912,
8831,4.606169603,4.506169603,
8832,3.728367777,3.628367777,
8833,4.016248833,3.916248833,
8834,3.69530144,3.59530144,
8835,3.857180833,3.757180833,
8836,3.507234107,3.407234107,
8837,3.950976366,3.850976366,
8838,3.749995774,3.649995774,
8839,3.241116046,3.141116046,
8840,4.102374482,4.002374482,
8841,4.350681114,4.250681114,
8842,4.002775082,3.902775082,
8843,4.066499953,3.966499953,
8844,4.129320776,4.029320776,
8845,4.053826634,3.953826634,
8846,4.094586935,3.994586935,
8847,3.236542039,3.136542039,
8848,3.747689655,3.647689655,
8849,2.73943599,2.63943599,
8850,2.25134363,2.15134363,
8851,3.985856718,3.885856718,
8852,3.189539806,3.089539806,
8853,4.042444685,3.942444685,
8854,3.904634805,3.804634805,
8855,3.22528784,3.12528784,
8856,4.088587575,3.988587575,
8857,3.888763335,3.788763335,
8858,3.319486226,3.219486226,
8859,3.700824619,3.600824619,
8860,3.867083215,3.767083215,
8861,3.28828519,3.18828519,
8862,3.489455198,3.389455198,
8863,4.315680174,4.215680174,
8864,4.010838795,3.910838795,
8865,4.101888195,4.001888195,
8866,4.189974282,4.089974282,
8867,4.19135476,4.09135476,
8868,4.233614876,4.133614876,
8869,3.693183459,3.593183459,
8870,3.942845465,3.842845465,
8871,3.923591848,3.823591848,
8872,4.160943965,4.060943965,
8873,3.361619412,3.261619412,
8874,3.329031172,3.229031172,
8875,3.564056542,3.464056542,
8876,3.571858417,3.471858417,
8877,4.246711291,4.146711291,
8878,4.070679913,3.970679913,
8879,4.234056897,4.134056897,
8880,4.13458054,4.03458054,
8881,4.302524126,4.202524126,
8882,3.39916035,3.29916035,
8883,4.000251253,3.900251253,
8884,4.144565089,4.044565089,
8885,3.942981585,3.842981585,
8886,3.202834514,3.102834514,
8887,3.809559559,3.709559559,
8888,4.410114473,4.310114473,
8889,3.256881751,3.156881751,
8890,4.200874602,4.100874602,
8891,3.941772508,3.841772508,
8892,3.801340561,3.701340561,
8893,4.306206607,4.206206607,
8894,4.137649692,4.037649692,
8895,4.515867528,4.415867528,
8896,4.265352276,4.165352276,
8897,4.145728996,4.045728996,
8898,3.409572099,3.309572099,
8899,4.590521329,4.490521329,
8900,3.8137866,3.7137866,
8901,4.094164033,3.994164033,
8902,3.223530322,3.123530322,
8903,3.911176881,3.811176881,
8904,3.818267311,3.718267311,
8905,3.288030578,3.188030578,
8906,3.187954112,3.087954112,
8907,4.099472996,3.999472996,
8908,3.355584666,3.255584666,
8909,4.206737632,4.106737632,
8910,4.575393226,4.475393226,
8911,4.12231537,4.02231537,
8912,4.337237084,4.237237084,
8913,4.17002725,4.07002725,
8914,4.250780366,4.150780366,
8915,4.114041692,4.014041692,
8916,3.832399827,3.732399827,
8917,3.342419078,3.242419078,
8918,4.294266356,4.194266356,
8919,4.159192262,4.059192262,
8920,3.456191851,3.356191851,
8921,3.402547776,3.302547776,
8922,3.985662489,3.885662489,
8923,3.953392147,3.853392147,
8924,4.099787782,3.999787782,
8925,3.569324965,3.469324965,
8926,3.654818528,3.554818528,
8927,4.074926279,3.974926279,
8928,3.170792519,3.070792519,
8929,4.235258818,4.135258818,
8930,4.339514466,4.239514466,
8931,3.554502381,3.454502381,
8932,4.056320511,3.956320511,
8933,3.234088233,3.134088233,
8934,3.904469775,3.804469775,
8935,3.810646909,3.710646909,
8936,4.032124802,3.932124802,
8937,3.684334887,3.584334887,
8938,3.521724475,3.421724475,
8939,4.044017747,3.944017747,
8940,3.924040727,3.824040727,
8941,3.87333001,3.77333001,
8942,4.130201088,4.030201088,
8943,3.589651488,3.489651488,
8944,3.767912797,3.667912797,
8945,3.820342892,3.720342892,
8946,4.263976567,4.163976567,
8947,3.248584494,3.148584494,
8948,3.777772918,3.677772918,
8949,3.907720206,3.807720206,
8950,4.020168971,3.920168971,
8951,2.912684393,2.812684393,
8952,4.309538402,4.209538402,
8953,3.737650406,3.637650406,
8954,3.81454812,3.71454812,
8955,3.386936999,3.286936999,
8956,3.722327203,3.622327203,
8957,3.950827861,3.850827861,
8958,4.199816096,4.099816096,
8959,4.213146058,4.113146058,
8960,4.055552692,3.955552692,
8961,3.65373909,3.55373909,
8962,4.100157498,4.000157498,
8963,3.490860762,3.390860762,
8964,4.104194818,4.004194818,
8965,4.122178428,4.022178428,
8966,3.948414478,3.848414478,
8967,4.377625151,4.277625151,
8968,3.803356719,3.703356719,
8969,4.206948055,4.106948055,
8970,3.930815641,3.830815641,
8971,3.78548105,3.68548105,
8972,3.863745066,3.763745066,
8973,3.245571085,3.145571085,
8974,4.010490301,3.910490301,
8975,3.756757232,3.656757232,
8976,4.249207449,4.149207449,
8977,4.281872531,4.181872531,
8978,3.802251188,3.702251188,
8979,4.108010622,4.008010622,
8980,3.244408536,3.144408536,
8981,4.068381481,3.968381481,
8982,2.903960483,2.803960483,
8983,4.041481608,3.941481608,
8984,3.912484411,3.812484411,
8985,3.678513369,3.578513369,
8986,4.121696936,4.021696936,
8987,3.810935488,3.710935488,
8988,3.737460017,3.637460017,
8989,4.16492369,4.06492369,
8990,3.606675252,3.506675252,
8991,4.445059511,4.345059511,
8992,3.851910264,3.751910264,
8993,3.545883299,3.445883299,
8994,3.949922436,3.849922436,
8995,4.133176978,4.033176978,
8996,3.690039304,3.590039304,
8997,4.069428759,3.969428759,
8998,3.520750079,3.420750079,
8999,4.035819472,3.935819472,
9000,3.855795863,3.755795863,
9001,4.086146289,3.986146289,
9002,3.871330275,3.771330275,
9003,4.086211228,3.986211228,
9004,2.601798805,2.501798805,
9005,4.139375074,4.039375074,
9006,4.013172272,3.913172272,
9007,3.592410709,3.492410709,
9008,3.300691099,3.200691099,
9009,3.796064114,3.696064114,
9010,4.104292382,4.004292382,
9011,4.182461546,4.082461546,
9012,3.965927366,3.865927366,
9013,3.746564597,3.646564597,
9014,3.617984929,3.517984929,
9015,3.739014661,3.639014661,
9016,4.486904971,4.386904971,
9017,4.216688383,4.116688383,
9018,3.849528019,3.749528019,
9019,4.034827649,3.934827649,
9020,3.665968103,3.565968103,
9021,3.940712186,3.840712186,
9022,4.3004929,4.2004929,
9023,2.340912652,2.240912652,
9024,3.917032027,3.817032027,
9025,3.692355083,3.592355083,
9026,4.167194096,4.067194096,
9027,3.632836957,3.532836957,
9028,3.8987895,3.7987895,
9029,3.463316726,3.363316726,
9030,3.915447955,3.815447955,
9031,4.143305506,4.043305506,
9032,3.987444707,3.887444707,
9033,3.953662307,3.853662307,
9034,4.230623522,4.130623522,
9035,3.974704993,3.874704993,
9036,3.853644216,3.753644216,
9037,4.26648381,4.16648381,
9038,3.870733894,3.770733894,
9039,2.251469814,2.151469814,
9040,4.00904773,3.90904773,
9041,4.060472389,3.960472389,
9042,3.276897524,3.176897524,
9043,4.140326818,4.040326818,
9044,3.590412476,3.490412476,
9045,3.966666132,3.866666132,
9046,3.037809717,2.937809717,
9047,2.714993816,2.614993816,
9048,4.443437951,4.343437951,
9049,4.008961611,3.908961611,
9050,3.936312686,3.836312686,
9051,4.026537441,3.926537441,
9052,3.718451565,3.618451565,
9053,3.681475971,3.581475971,
9054,2.938564328,2.838564328,
9055,3.71028178,3.61028178,
9056,3.871326695,3.771326695,
9057,4.260077892,4.160077892,
9058,4.441242388,4.341242388,
9059,3.835301709,3.735301709,
9060,3.994154749,3.894154749,
9061,4.022008929,3.922008929,
9062,3.575297421,3.475297421,
9063,3.937023822,3.837023822,
9064,3.882782653,3.782782653,
9065,4.276116823,4.176116823,
9066,3.153592354,3.053592354,
9067,3.725668748,3.625668748,
9068,3.96832526,3.86832526,
9069,3.277233151,3.177233151,
9070,4.078939744,3.978939744,
9071,3.553429732,3.453429732,
9072,4.008202839,3.908202839,
9073,4.305624436,4.205624436,
9074,3.672986112,3.572986112,
9075,3.171411371,3.071411371,
9076,3.985524877,3.885524877,
9077,3.983524186,3.883524186,
9078,3.757121483,3.657121483,
9079,3.960372231,3.860372231,
9080,3.726310152,3.626310152,
9081,3.987658418,3.887658418,
9082,3.219579316,3.119579316,
9083,4.309605236,4.209605236,
9084,4.221373991,4.121373991,
9085,4.139027053,4.039027053,
9086,3.923793124,3.823793124,
9087,4.41454836,4.31454836,
9088,3.345526613,3.245526613,
9089,4.261203056,4.161203056,
9090,3.625787509,3.525787509,
9091,2.857862342,2.757862342,
9092,3.771854611,3.671854611,
9093,4.291079901,4.191079901,
9094,4.053978098,3.953978098,
9095,3.851336893,3.751336893,
9096,3.948821281,3.848821281,
9097,3.535759606,3.435759606,
9098,3.633729531,3.533729531,
9099,3.372916689,3.272916689,
9100,4.320814836,4.220814836,
9101,4.236286709,4.136286709,
9102,4.256114111,4.156114111,
9103,3.697255587,3.597255587,
9104,3.615383397,3.515383397,
9105,3.883081372,3.783081372,
9106,4.058464982,3.958464982,
9107,4.166297854,4.066297854,
9108,4.166996379,4.066996379,
9109,4.207982992,4.107982992,
9110,3.872398467,3.772398467,
9111,4.135310202,4.035310202,
9112,4.075839522,3.975839522,
9113,4.042983374,3.942983374,
9114,4.029316694,3.929316694,
9115,3.665439947,3.565439947,
9116,4.189925872,4.089925872,
9117,4.19622439,4.09622439,
9118,4.305402767,4.205402767,
9119,4.081695392,3.981695392,
9120,4.031056359,3.931056359,
9121,3.90582754,3.80582754,
9122,3.848909176,3.748909176,
9123,3.241416586,3.141416586,
9124,3.843836853,3.743836853,
9125,3.659862834,3.559862834,
9126,3.310624236,3.210624236,
9127,4.214686959,4.114686959,
9128,3.980217121,3.880217121,
9129,3.72048913,3.62048913,
9130,2.668716721,2.568716721,
9131,4.331220836,4.231220836,
9132,3.790638907,3.690638907,
9133,3.844807249,3.744807249,
9134,3.890955447,3.790955447,
9135,3.818547622,3.718547622,
9136,4.055891773,3.955891773,
9137,3.958568456,3.858568456,
9138,3.960737851,3.860737851,
9139,2.861734054,2.761734054,
9140,4.838215766,4.738215766,
9141,3.684965633,3.584965633,
9142,3.975936801,3.875936801,
9143,3.334579788,3.234579788,
9144,3.881278915,3.781278915,
9145,4.187976724,4.087976724,
9146,3.786805,3.686805,
9147,2.162293129,2.062293129,
9148,3.530564843,3.430564843,
9149,4.150950702,4.050950702,
9150,4.14885203,4.04885203,
9151,4.373416657,4.273416657,
9152,3.674906663,3.574906663,
9153,4.290855573,4.190855573,
9154,4.104671376,4.004671376,
9155,4.045394504,3.945394504,
9156,4.00641581,3.90641581,
9157,3.808366922,3.708366922,
9158,4.054801988,3.954801988,
9159,3.667540652,3.567540652,
9160,2.560076519,2.460076519,
9161,3.43187184,3.33187184,
9162,4.097019936,3.997019936,
9163,4.31566965,4.21566965,
9164,4.051899592,3.951899592,
9165,3.926178691,3.826178691,
9166,3.963026014,3.863026014,
9167,3.344728877,3.244728877,
9168,4.142337055,4.042337055,
9169,4.220310519,4.120310519,
9170,4.226243508,4.126243508,
9171,2.537987163,2.437987163,
9172,4.234193805,4.134193805,
9173,4.342010038,4.242010038,
9174,3.912396091,3.812396091,
9175,4.392737417,4.292737417,
9176,3.364759322,3.264759322,
9177,4.14767387,4.04767387,
9178,3.366515699,3.266515699,
9179,4.074624324,3.974624324,
9180,3.842532987,3.742532987,
9181,4.068292995,3.968292995,
9182,1.820216449,1.720216449,
9183,4.050721755,3.950721755,
9184,4.028904355,3.928904355,
9185,3.183985466,3.083985466,
9186,4.004798909,3.904798909,
9187,3.942367337,3.842367337,
9188,3.843792161,3.743792161,
9189,4.053254094,3.953254094,
9190,2.144237607,2.044237607,
9191,3.940142008,3.840142008,
9192,4.133374843,4.033374843,
9193,4.193202708,4.093202708,
9194,4.073334263,3.973334263,
9195,3.75820424,3.65820424,
9196,3.56966522,3.46966522,
9197,3.837217495,3.737217495,
9198,3.891195876,3.791195876,
9199,4.346168478,4.246168478,
9200,3.544983822,3.444983822,
9201,3.419783925,3.319783925,
9202,4.031056268,3.931056268,
9203,3.449432382,3.349432382,
9204,3.906536342,3.806536342,
9205,4.191381013,4.091381013,
9206,4.037948917,3.937948917,
9207,3.69563222,3.59563222,
9208,3.909049534,3.809049534,
9209,3.964291834,3.864291834,
9210,4.517293342,4.417293342,
9211,2.905495612,2.805495612,
9212,3.914381766,3.814381766,
9213,3.740203067,3.640203067,
9214,4.318458324,4.218458324,
9215,4.177138848,4.077138848,
9216,3.808041993,3.708041993,
9217,3.754157888,3.654157888,
9218,4.255309887,4.155309887,
9219,4.174847734,4.074847734,
9220,4.021171266,3.921171266,
9221,4.079933777,3.979933777,
9222,3.509644218,3.409644218,
9223,3.926985171,3.826985171,
9224,3.552655027,3.452655027,
9225,3.797451522,3.697451522,
9226,3.9079178,3.8079178,
9227,1.57970914,1.47970914,
9228,4.111580071,4.011580071,
9229,3.189027851,3.089027851,
9230,4.158214351,4.058214351,
9231,3.770717947,3.670717947,
9232,3.957333111,3.857333111,
9233,4.647074037,4.547074037,
9234,4.388167013,4.288167013,
9235,3.253177015,3.153177015,
9236,4.253369258,4.153369258,
9237,4.018403098,3.918403098,
9238,3.888745412,3.788745412,
9239,3.62327167,3.52327167,
9240,3.768028972,3.668028972,
9241,4.337251185,4.237251185,
9242,3.844209986,3.744209986,
9243,4.296525344,4.196525344,
9244,3.35691648,3.25691648,
9245,3.298155809,3.198155809,
9246,4.304286037,4.204286037,
9247,3.859112463,3.759112463,
9248,4.678349722,4.578349722,
9249,4.217169114,4.117169114,
9250,4.177723098,4.077723098,
9251,3.278274347,3.178274347,
9252,4.84874271,4.74874271,
9253,3.517209325,3.417209325,
9254,3.951169171,3.851169171,
9255,4.086587298,3.986587298,
9256,4.288933047,4.188933047,
9257,4.019637912,3.919637912,
9258,3.847309705,3.747309705,
9259,4.085989442,3.985989442,
9260,4.017576903,3.917576903,
9261,4.154948998,4.054948998,
9262,3.795275107,3.695275107,
9263,3.29619074,3.19619074,
9264,3.775368092,3.675368092,
9265,4.122130412,4.022130412,
9266,4.053776039,3.953776039,
9267,3.814791104,3.714791104,
9268,4.138888478,4.038888478,
9269,4.268929241,4.168929241,
9270,4.436250907,4.336250907,
9271,4.327729565,4.227729565,
9272,4.35819917,4.25819917,
9273,3.374929327,3.274929327,
9274,2.891803418,2.791803418,
9275,3.907189063,3.807189063,
9276,4.200794764,4.100794764,
9277,4.07817655,3.97817655,
9278,3.762832525,3.662832525,
9279,4.313849605,4.213849605,
9280,3.027314778,2.927314778,
9281,4.013814384,3.913814384,
9282,4.159200523,4.059200523,
9283,3.60139606,3.50139606,
9284,4.311482581,4.211482581,
9285,3.880101049,3.780101049,
9286,3.716316227,3.616316227,
9287,4.094059324,3.994059324,
9288,2.01903841,1.91903841,
9289,4.004004167,3.904004167,
9290,3.743292458,3.643292458,
9291,4.323434306,4.223434306,
9292,3.340978908,3.240978908,
9293,3.747452474,3.647452474,
9294,3.785070434,3.685070434,
9295,3.130431987,3.030431987,
9296,4.219662078,4.119662078,
9297,4.195029856,4.095029856,
9298,3.728128706,3.628128706,
9299,2.766698596,2.666698596,
9300,3.822614515,3.722614515,
9301,4.205268883,4.105268883,
9302,3.995787682,3.895787682,
9303,4.198670263,4.098670263,
9304,3.47320508,3.37320508,
9305,3.695459306,3.595459306,
9306,4.035705933,3.935705933,
9307,4.132693347,4.032693347,
9308,4.115846062,4.015846062,
9309,4.107041444,4.007041444,
9310,3.173273538,3.073273538,
9311,4.239745346,4.139745346,
9312,2.576935931,2.476935931,
9313,4.349725179,4.249725179,
9314,3.821075268,3.721075268,
9315,3.343814587,3.243814587,
9316,4.030196268,3.930196268,
9317,3.913558589,3.813558589,
9318,3.19143954,3.09143954,
9319,4.047365013,3.947365013,
9320,3.571123163,3.471123163,
9321,4.202922676,4.102922676,
9322,3.949679563,3.849679563,
9323,4.021398304,3.921398304,
9324,3.382677192,3.282677192,
9325,3.68007985,3.58007985,
9326,3.70574668,3.60574668,
9327,4.07585324,3.97585324,
9328,3.310111857,3.210111857,
9329,4.006354166,3.906354166,
9330,3.417565422,3.317565422,
9331,3.911107819,3.811107819,
9332,4.77720122,4.67720122,
9333,3.965469468,3.865469468,
9334,4.048397178,3.948397178,
9335,3.671557736,3.571557736,
9336,3.506329004,3.406329004,
9337,3.987610137,3.887610137,
9338,3.815550301,3.715550301,
9339,4.217944968,4.117944968,
9340,3.885135973,3.785135973,
9341,2.914844035,2.814844035,
9342,3.925849764,3.825849764,
9343,3.76338055,3.66338055,
9344,4.025567693,3.925567693,
9345,3.760948924,3.660948924,
9346,3.949986114,3.849986114,
9347,3.695579286,3.595579286,
9348,3.643709115,3.543709115,
9349,3.399518285,3.299518285,
9350,3.792926437,3.692926437,
9351,4.158466557,4.058466557,
9352,3.902677341,3.802677341,
9353,3.190761807,3.090761807,
9354,4.006689291,3.906689291,
9355,3.946772763,3.846772763,
9356,3.606735811,3.506735811,
9357,4.387104717,4.287104717,
9358,4.049491937,3.949491937,
9359,3.641491427,3.541491427,
9360,2.23177586,2.13177586,
9361,3.735348046,3.635348046,
9362,4.193505478,4.093505478,
9363,4.059655795,3.959655795,
9364,3.061482623,2.961482623,
9365,3.562900096,3.462900096,
9366,4.353045462,4.253045462,
9367,4.064728946,3.964728946,
9368,4.204145977,4.104145977,
9369,4.169146668,4.069146668,
9370,4.386008498,4.286008498,
9371,3.712513651,3.612513651,
9372,3.923012018,3.823012018,
9373,4.161387594,4.061387594,
9374,4.020398125,3.920398125,
9375,4.16430214,4.06430214,
9376,3.641146167,3.541146167,
9377,3.981702035,3.881702035,
9378,3.694000129,3.594000129,
9379,4.200573483,4.100573483,
9380,3.883713812,3.783713812,
9381,4.139797499,4.039797499,
9382,4.109055392,4.009055392,
9383,3.381487299,3.281487299,
9384,4.100134622,4.000134622,
9385,4.097063293,3.997063293,
9386,4.394633267,4.294633267,
9387,4.245871617,4.145871617,
9388,4.191457119,4.091457119,
9389,4.221738818,4.121738818,
9390,3.666964091,3.566964091,
9391,2.912171301,2.812171301,
9392,3.330426962,3.230426962,
9393,4.199569946,4.099569946,
9394,4.171514315,4.071514315,
9395,3.828099819,3.728099819,
9396,3.739219056,3.639219056,
9397,4.378422287,4.278422287,
9398,3.683474796,3.583474796,
9399,3.156179445,3.056179445,
9400,3.842971304,3.742971304,
9401,4.150613424,4.050613424,
9402,4.070254724,3.970254724,
9403,4.239384577,4.139384577,
9404,3.872039272,3.772039272,
9405,3.89806179,3.79806179,
9406,3.889135386,3.789135386,
9407,2.520901388,2.420901388,
9408,3.997078345,3.897078345,
9409,4.064480609,3.964480609,
9410,4.134818345,4.034818345,
9411,3.845936502,3.745936502,
9412,3.292250891,3.192250891,
9413,3.934977194,3.834977194,
9414,3.878675283,3.778675283,
9415,3.769425257,3.669425257,
9416,3.477910755,3.377910755,
9417,3.841267155,3.741267155,
9418,4.48405765,4.38405765,
9419,3.55855592,3.45855592,
9420,3.929492939,3.829492939,
9421,4.299136129,4.199136129,
9422,4.016373842,3.916373842,
9423,3.300018865,3.200018865,
9424,3.117817307,3.017817307,
9425,3.294727499,3.194727499,
9426,4.030866292,3.930866292,
9427,4.102914774,4.002914774,
9428,4.001575838,3.901575838,
9429,3.661946499,3.561946499,
9430,3.142636065,3.042636065,
9431,3.693285876,3.593285876,
9432,3.993956386,3.893956386,
9433,3.938625222,3.838625222,
9434,3.755363371,3.655363371,
9435,3.411559801,3.311559801,
9436,4.037056076,3.937056076,
9437,3.84016189,3.74016189,
9438,3.686538692,3.586538692,
9439,3.907928129,3.807928129,
9440,3.329726981,3.229726981,
9441,4.158695065,4.058695065,
9442,3.387050649,3.287050649,
9443,4.232958146,4.132958146,
9444,4.086939027,3.986939027,
9445,4.20989728,4.10989728,
9446,4.495995251,4.395995251,
9447,3.582893654,3.482893654,
9448,4.037274776,3.937274776,
9449,4.029013771,3.929013771,
9450,2.802001156,2.702001156,
9451,4.384335417,4.284335417,
9452,4.255031218,4.155031218,
9453,4.043463405,3.943463405,
9454,4.069675492,3.969675492,
9455,3.737046281,3.637046281,
9456,3.779157387,3.679157387,
9457,4.26897885,4.16897885,
9458,3.601370893,3.501370893,
9459,3.951066302,3.851066302,
9460,4.127328901,4.027328901,
9461,3.2604078,3.1604078,
9462,3.943880602,3.843880602,
9463,4.025139959,3.925139959,
9464,3.853882448,3.753882448,
9465,3.849959381,3.749959381,
9466,3.587492767,3.487492767,
9467,4.073141595,3.973141595,
9468,3.868551509,3.768551509,
9469,3.800285231,3.700285231,
9470,3.84870268,3.74870268,
9471,3.031695181,2.931695181,
9472,3.927208232,3.827208232,
9473,3.291625799,3.191625799,
9474,4.370074604,4.270074604,
9475,4.18182571,4.08182571,
9476,4.003370694,3.903370694,
9477,4.45990462,4.35990462,
9478,3.220023318,3.120023318,
9479,3.791491446,3.691491446,
9480,4.167904415,4.067904415,
9481,2.780202199,2.680202199,
9482,4.113217546,4.013217546,
9483,4.022222335,3.922222335,
9484,4.263759348,4.163759348,
9485,4.092797572,3.992797572,
9486,4.183172897,4.083172897,
9487,2.929821198,2.829821198,
9488,4.177577031,4.077577031,
9489,4.625139253,4.525139253,
9490,4.29425658,4.19425658,
9491,3.604504194,3.504504194,
9492,3.794553438,3.694553438,
9493,3.654970901,3.554970901,
9494,2.796976953,2.696976953,
9495,4.267475403,4.167475403,
9496,4.079741029,3.979741029,
9497,3.592414341,3.492414341,
9498,4.354167271,4.254167271,
9499,2.752711406,2.652711406,
9500,3.495694225,3.395694225,
9501,3.947245617,3.847245617,
9502,4.291101845,4.191101845,
9503,4.265000471,4.165000471,
9504,3.78876377,3.68876377,
9505,4.56919889,4.46919889,
9506,3.660241376,3.560241376,
9507,3.902226068,3.802226068,
9508,3.474674063,3.374674063,
9509,3.940844889,3.840844889,
9510,4.330231352,4.230231352,
9511,3.892667319,3.792667319,
9512,3.843335221,3.743335221,
9513,3.756622716,3.656622716,
9514,3.729902518,3.629902518,
9515,4.197050382,4.097050382,
9516,4.292531874,4.192531874,
9517,2.965314949,2.865314949,
9518,3.689840037,3.589840037,
9519,3.718326164,3.618326164,
9520,4.075897985,3.975897985,
9521,4.033906984,3.933906984,
9522,3.943698849,3.843698849,
9523,3.843395149,3.743395149,
9524,3.890726168,3.790726168,
9525,2.549763427,2.449763427,
9526,3.441126235,3.341126235,
9527,3.715903816,3.615903816,
9528,3.134980387,3.034980387,
9529,3.982325391,3.882325391,
9530,4.18151581,4.08151581,
9531,4.436329914,4.336329914,
9532,3.104603062,3.004603062,
9533,3.553126274,3.453126274,
9534,2.202980986,2.102980986,
9535,3.621819962,3.521819962,
9536,4.155529126,4.055529126,
9537,3.905681317,3.805681317,
9538,4.234164654,4.134164654,
9539,3.848063678,3.748063678,
9540,2.862200036,2.762200036,
9541,3.688635059,3.588635059,
9542,4.58513483,4.48513483,
9543,3.823371253,3.723371253,
9544,3.267098198,3.167098198,
9545,4.102070238,4.002070238,
9546,3.990253756,3.890253756,
9547,3.912701481,3.812701481,
9548,4.053427343,3.953427343,
9549,3.293383236,3.193383236,
9550,4.038433265,3.938433265,
9551,3.682026135,3.582026135,
9552,3.922152944,3.822152944,
9553,4.152276795,4.052276795,
9554,3.725131591,3.625131591,
9555,3.7566215,3.6566215,
9556,3.57778926,3.47778926,
9557,2.908337865,2.808337865,
9558,3.48665363,3.38665363,
9559,4.244974757,4.144974757,
9560,3.668880581,3.568880581,
9561,4.265076927,4.165076927,
9562,4.402278214,4.302278214,
9563,3.913301665,3.813301665,
9564,3.559138325,3.459138325,
9565,4.142886791,4.042886791,
9566,4.295433715,4.195433715,
9567,3.668576211,3.568576211,
9568,4.277718523,4.177718523,
9569,3.960250652,3.860250652,
9570,3.96771835,3.86771835,
9571,4.079078346,3.979078346,
9572,3.410852738,3.310852738,
9573,3.794990186,3.694990186,
9574,4.00217589,3.90217589,
9575,4.099394244,3.999394244,
9576,4.456912941,4.356912941,
9577,3.98553589,3.88553589,
9578,4.186817505,4.086817505,
9579,4.006490181,3.906490181,
9580,4.322251519,4.222251519,
9581,3.969672272,3.869672272,
9582,3.3825658,3.2825658,
9583,4.155901266,4.055901266,
9584,3.301112191,3.201112191,
9585,4.081363344,3.981363344,
9586,3.713640107,3.613640107,
9587,3.698678336,3.598678336,
9588,3.31942484,3.21942484,
9589,4.034345238,3.934345238,
9590,4.172776577,4.072776577,
9591,3.353331168,3.253331168,
9592,3.63694136,3.53694136,
9593,3.736845461,3.636845461,
9594,3.818757891,3.718757891,
9595,3.88442976,3.78442976,
9596,3.728568113,3.628568113,
9597,4.068919467,3.968919467,
9598,3.986421352,3.886421352,
9599,3.037180229,2.937180229,
9600,4.130808626,4.030808626,
9601,4.146871039,4.046871039,
9602,3.838309194,3.738309194,
9603,4.413074274,4.313074274,
9604,3.349857032,3.249857032,
9605,3.996964558,3.896964558,
9606,4.514543037,4.414543037,
9607,3.729459481,3.629459481,
9608,3.645005665,3.545005665,
9609,4.1280849,4.0280849,
9610,3.750505307,3.650505307,
9611,3.775771531,3.675771531,
9612,3.793605744,3.693605744,
9613,4.23533731,4.13533731,
9614,4.036982258,3.936982258,
9615,3.968291006,3.868291006,
9616,3.949760294,3.849760294,
9617,4.244450194,4.144450194,
9618,3.924332733,3.824332733,
9619,3.753133648,3.653133648,
9620,3.968573047,3.868573047,
9621,3.973057966,3.873057966,
9622,3.199284096,3.099284096,
9623,4.432425389,4.332425389,
9624,3.814687735,3.714687735,
9625,4.010316201,3.910316201,
9626,4.416060641,4.316060641,
9627,3.894174643,3.794174643,
9628,3.922919454,3.822919454,
9629,3.969291725,3.869291725,
9630,3.585973405,3.485973405,
9631,4.248803721,4.148803721,
9632,3.756443382,3.656443382,
9633,4.520287329,4.420287329,
9634,3.94224751,3.84224751,
9635,2.366899259,2.266899259,
9636,3.821416675,3.721416675,
9637,3.319566539,3.219566539,
9638,3.849070819,3.749070819,
9639,4.059745086,3.959745086,
9640,4.031349663,3.931349663,
9641,4.258281149,4.158281149,
9642,3.487349694,3.387349694,
9643,3.893577048,3.793577048,
9644,4.193407955,4.093407955,
9645,4.013395537,3.913395537,
9646,4.381649276,4.281649276,
9647,3.732757988,3.632757988,
9648,3.912927296,3.812927296,
9649,4.600705952,4.500705952,
9650,3.789860797,3.689860797,
9651,3.948337151,3.848337151,
9652,3.740265973,3.640265973,
9653,3.73422017,3.63422017,
9654,4.050515964,3.950515964,
9655,3.814823431,3.714823431,
9656,3.902507971,3.802507971,
9657,4.172981011,4.072981011,
9658,3.668761764,3.568761764,
9659,3.938509017,3.838509017,
9660,4.322365928,4.222365928,
9661,4.018456297,3.918456297,
9662,4.314172397,4.214172397,
9663,4.156717664,4.056717664,
9664,4.207858845,4.107858845,
9665,4.008641875,3.908641875,
9666,3.899069867,3.799069867,
9667,3.701750393,3.601750393,
9668,4.012482341,3.912482341,
9669,4.172097577,4.072097577,
9670,3.712214739,3.612214739,
9671,3.472056772,3.372056772,
9672,3.418385124,3.318385124,
9673,4.350330164,4.250330164,
9674,3.895478659,3.795478659,
9675,3.961411025,3.861411025,
9676,4.386679358,4.286679358,
9677,2.640859639,2.540859639,
9678,4.099074532,3.999074532,
9679,3.865899955,3.765899955,
9680,4.433155494,4.333155494,
9681,4.015394776,3.915394776,
9682,4.048655963,3.948655963,
9683,4.048560426,3.948560426,
9684,4.580550858,4.480550858,
9685,4.32601364,4.22601364,
9686,3.998552619,3.898552619,
9687,3.62943407,3.52943407,
9688,4.381663667,4.281663667,
9689,3.906071404,3.806071404,
9690,2.621019719,2.521019719,
9691,4.149455609,4.049455609,
9692,3.778724475,3.678724475,
9693,4.437115939,4.337115939,
9694,3.76105731,3.66105731,
9695,3.484067514,3.384067514,
9696,3.54073418,3.44073418,
9697,4.048463414,3.948463414,
9698,3.607777993,3.507777993,
9699,3.843216878,3.743216878,
9700,4.253372533,4.153372533,
9701,3.978017896,3.878017896,
9702,4.096401025,3.996401025,
9703,3.581757801,3.481757801,
9704,1.903100847,1.803100847,
9705,4.586515669,4.486515669,
9706,3.800162959,3.700162959,
9707,4.129888978,4.029888978,
9708,3.793394024,3.693394024,
9709,4.110768995,4.010768995,
9710,4.363114608,4.263114608,
9711,4.326700249,4.226700249,
9712,3.035971477,2.935971477,
9713,3.89027809,3.79027809,
9714,3.624934848,3.524934848,
9715,3.724183255,3.624183255,
9716,3.98019086,3.88019086,
9717,4.063719547,3.963719547,
9718,3.702372139,3.602372139,
9719,4.166912342,4.066912342,
9720,3.924454676,3.824454676,
9721,3.977678372,3.877678372,
9722,4.046612322,3.946612322,
9723,3.990637159,3.890637159,
9724,4.311193428,4.211193428,
9725,4.093900702,3.993900702,
9726,3.43579685,3.33579685,
9727,3.028776257,2.928776257,
9728,3.453043201,3.353043201,
9729,3.199451597,3.099451597,
9730,4.1688528,4.0688528,
9731,4.327511799,4.227511799,
9732,4.014755431,3.914755431,
9733,3.601009737,3.501009737,
9734,4.050373084,3.950373084,
9735,3.901630148,3.801630148,
9736,3.900431893,3.800431893,
9737,4.005873626,3.905873626,
9738,3.722616185,3.622616185,
9739,3.666997086,3.566997086,
9740,4.31201055,4.21201055,
9741,4.127919548,4.027919548,
9742,3.597245397,3.497245397,
9743,3.99045974,3.89045974,
9744,3.951906441,3.851906441,
9745,4.214370588,4.114370588,
9746,3.783433006,3.683433006,
9747,3.52320263,3.42320263,
9748,4.116511927,4.016511927,
9749,4.329631617,4.229631617,
9750,3.50156386,3.40156386,
9751,4.197198794,4.097198794,
9752,4.079612183,3.979612183,
9753,3.519424791,3.419424791,
9754,4.093919749,3.993919749,
9755,3.737020819,3.637020819,
9756,4.081430732,3.981430732,
9757,4.579451251,4.479451251,
9758,3.74079887,3.64079887,
9759,3.980022291,3.880022291,
9760,4.120318005,4.020318005,
9761,4.100342808,4.000342808,
9762,4.4101394,4.3101394,
9763,4.283379706,4.183379706,
9764,4.144199249,4.044199249,
9765,4.004999494,3.904999494,
9766,3.120990206,3.020990206,
9767,3.891678722,3.791678722,
9768,4.139094148,4.039094148,
9769,3.433752366,3.333752366,
9770,4.06433315,3.96433315,
9771,4.019237563,3.919237563,
9772,3.923214218,3.823214218,
9773,3.579608818,3.479608818,
9774,3.442231495,3.342231495,
9775,3.207107894,3.107107894,
9776,4.019817429,3.919817429,
9777,3.856369105,3.756369105,
9778,3.981933236,3.881933236,
9779,4.389770378,4.289770378,
9780,3.46994204,3.36994204,
9781,3.871356996,3.771356996,
9782,3.9018535,3.8018535,
9783,4.163961729,4.063961729,
9784,3.885980746,3.785980746,
9785,3.801909079,3.701909079,
9786,3.40648869,3.30648869,
9787,3.817051577,3.717051577,
9788,3.363372393,3.263372393,
9789,4.136225944,4.036225944,
9790,4.074631494,3.974631494,
9791,3.682741,3.582741,
9792,3.773631166,3.673631166,
9793,2.88215898,2.78215898,
9794,3.779822632,3.679822632,
9795,4.249632634,4.149632634,
9796,3.2513084,3.1513084,
9797,4.017293323,3.917293323,
9798,4.094500164,3.994500164,
9799,4.047159844,3.947159844,
9800,3.844562848,3.744562848,
9801,4.011713235,3.911713235,
9802,3.84311778,3.74311778,
9803,3.975609949,3.875609949,
9804,4.106755402,4.006755402,
9805,3.683301299,3.583301299,
9806,4.314709232,4.214709232,
9807,4.177810896,4.077810896,
9808,4.079895862,3.979895862,
9809,4.153452367,4.053452367,
9810,4.176537116,4.076537116,
9811,3.80413624,3.70413624,
9812,4.007568642,3.907568642,
9813,3.870596482,3.770596482,
9814,3.294158749,3.194158749,
9815,3.953444909,3.853444909,
9816,4.099197132,3.999197132,
9817,3.947417666,3.847417666,
9818,3.974339979,3.874339979,
9819,4.247283838,4.147283838,
9820,3.833645474,3.733645474,
9821,4.32016064,4.22016064,
9822,4.094434432,3.994434432,
9823,3.634513523,3.534513523,
9824,3.653321081,3.553321081,
9825,4.27225747,4.17225747,
9826,4.024398915,3.924398915,
9827,3.954276731,3.854276731,
9828,4.332517675,4.232517675,
9829,3.849629777,3.749629777,
9830,3.132521938,3.032521938,
9831,4.285143891,4.185143891,
9832,4.028902175,3.928902175,
9833,3.906944291,3.806944291,
9834,4.423097293,4.323097293,
9835,4.223234539,4.123234539,
9836,3.980686803,3.880686803,
9837,3.854050244,3.754050244,
9838,4.542190453,4.442190453,
9839,2.712789686,2.612789686,
9840,4.150764926,4.050764926,
9841,3.534382383,3.434382383,
9842,4.019819763,3.919819763,
9843,3.957523589,3.857523589,
9844,3.94971053,3.84971053,
9845,4.212364914,4.112364914,
9846,3.401379692,3.301379692,
9847,3.349414417,3.249414417,
9848,4.278988824,4.178988824,
9849,3.848853288,3.748853288,
9850,4.282966718,4.182966718,
9851,4.214039666,4.114039666,
9852,4.035067984,3.935067984,
9853,3.389879307,3.289879307,
9854,3.061260772,2.961260772,
9855,3.847549327,3.747549327,
9856,3.859213761,3.759213761,
9857,4.164455927,4.064455927,
9858,3.667534364,3.567534364,
9859,3.951872133,3.851872133,
9860,3.699435213,3.599435213,
9861,3.997677537,3.897677537,
9862,4.336623906,4.236623906,
9863,3.873124591,3.773124591,
9864,3.965289784,3.865289784,
9865,3.950274232,3.850274232,
9866,3.282957424,3.182957424,
9867,3.482863983,3.382863983,
9868,3.691331542,3.591331542,
9869,4.026374762,3.926374762,
9870,4.03089448,3.93089448,
9871,4.032922127,3.932922127,
9872,4.202373703,4.102373703,
9873,3.725657207,3.625657207,
9874,4.132821492,4.032821492,
9875,4.170320358,4.070320358,
9876,3.422258771,3.322258771,
9877,4.09316338,3.99316338,
9878,4.479696208,4.379696208,
9879,4.010526381,3.910526381,
9880,3.927944468,3.827944468,
9881,4.029148837,3.929148837,
9882,3.851417247,3.751417247,
9883,3.823335728,3.723335728,
9884,4.267402445,4.167402445,
9885,3.898848007,3.798848007,
9886,3.737996291,3.637996291,
9887,4.158799325,4.058799325,
9888,4.101834079,4.001834079,
9889,3.998878877,3.898878877,
9890,4.070279713,3.970279713,
9891,3.355342177,3.255342177,
9892,3.909147118,3.809147118,
9893,4.415545844,4.315545844,
9894,4.026089162,3.926089162,
9895,4.149061552,4.049061552,
9896,4.072344204,3.972344204,
9897,4.242899393,4.142899393,
9898,3.487617155,3.387617155,
9899,3.891071966,3.791071966,
9900,3.6360182,3.5360182,
9901,3.635194238,3.535194238,
9902,3.220114245,3.120114245,
9903,3.950034028,3.850034028,
9904,2.851044076,2.751044076,
9905,4.057944336,3.957944336,
9906,3.970334962,3.870334962,
9907,4.078287163,3.978287163,
9908,4.163646884,4.063646884,
9909,3.820003298,3.720003298,
9910,4.177219043,4.077219043,
9911,2.770631287,2.670631287,
9912,4.501461027,4.401461027,
9913,4.30985999,4.20985999,
9914,3.897951005,3.797951005,
9915,4.427646919,4.327646919,
9916,3.894409024,3.794409024,
9917,3.148404136,3.048404136,
9918,3.936184679,3.836184679,
9919,3.95470708,3.85470708,
9920,4.040671671,3.940671671,
9921,4.048666679,3.948666679,
9922,3.930268409,3.830268409,
9923,4.075231216,3.975231216,
9924,3.953051492,3.853051492,
9925,4.05685116,3.95685116,
9926,3.98960882,3.88960882,
9927,4.276035017,4.176035017,
9928,3.732041576,3.632041576,
9929,4.002767483,3.902767483,
9930,3.790398004,3.690398004,
9931,3.959329513,3.859329513,
9932,3.72366437,3.62366437,
9933,3.642857467,3.542857467,
9934,3.554597063,3.454597063,
9935,2.918162405,2.818162405,
9936,4.232388194,4.132388194,
9937,4.523908159,4.423908159,
9938,4.501994579,4.401994579,
9939,3.746849725,3.646849725,
9940,3.981493005,3.881493005,
9941,3.537921901,3.437921901,
9942,3.639789219,3.539789219,
9943,4.126932596,4.026932596,
9944,3.737374598,3.637374598,
9945,4.283498276,4.183498276,
9946,3.155203258,3.055203258,
9947,3.891589702,3.791589702,
9948,3.255515501,3.155515501,
9949,4.015357011,3.915357011,
9950,3.640643682,3.540643682,
9951,3.764307882,3.664307882,
9952,4.214350767,4.114350767,
9953,4.127903221,4.027903221,
9954,2.480116154,2.380116154,
9955,3.723925396,3.623925396,
9956,4.332455829,4.232455829,
9957,4.216824592,4.116824592,
9958,4.073292791,3.973292791,
9959,3.911285243,3.811285243,
9960,3.782672459,3.682672459,
9961,4.163513088,4.063513088,
9962,4.406389601,4.306389601,
9963,2.162089153,2.062089153,
9964,4.011083425,3.911083425,
9965,4.205281704,4.105281704,
9966,3.786481362,3.686481362,
9967,4.328060926,4.228060926,
9968,3.991810542,3.891810542,
9969,4.044223456,3.944223456,
9970,2.098061443,1.998061443,
9971,3.842038327,3.742038327,
9972,4.091293948,3.991293948,
9973,3.710180604,3.610180604,
9974,3.7213828,3.6213828,
9975,4.179355947,4.079355947,
9976,3.741503385,3.641503385,
9977,4.173693907,4.073693907,
9978,2.810536581,2.710536581,
9979,4.203600851,4.103600851,
9980,3.807706257,3.707706257,
9981,3.956969253,3.856969253,
9982,4.103399136,4.003399136,
9983,3.85771595,3.75771595,
9984,4.022538273,3.922538273,
9985,4.113943434,4.013943434,
9986,3.743045888,3.643045888,
9987,4.459939099,4.359939099,
9988,3.899814246,3.799814246,
9989,3.466357679,3.366357679,
9990,4.193698869,4.093698869,
9991,3.901549446,3.801549446,
9992,3.832644807,3.732644807,
9993,3.752910752,3.652910752,
9994,3.834530198,3.734530198,
9995,3.814761623,3.714761623,
9996,4.11268829,4.01268829,
9997,4.276075476,4.176075476,
9998,3.815490306,3.715490306,
9999,3.892930476,3.792930476,
10000,4.303281916,4.203281916,
10001,4.150816944,4.050816944,
10002,4.109925821,4.009925821,
10003,3.899034196,3.799034196,
10004,3.857703934,3.757703934,
10005,3.484840886,3.384840886,
10006,4.024520911,3.924520911,
10007,2.154148959,2.054148959,
10008,4.225718958,4.125718958,
10009,4.114616492,4.014616492,
10010,3.911676403,3.811676403,
10011,3.666631485,3.566631485,
10012,4.048446076,3.948446076,
10013,3.893796571,3.793796571,
10014,3.893330814,3.793330814,
10015,4.307047579,4.207047579,
10016,3.509319914,3.409319914,
10017,4.001968101,3.901968101,
10018,3.044566037,2.944566037,
10019,2.690368307,2.590368307,
10020,3.59354875,3.49354875,
10021,4.260034956,4.160034956,
10022,4.083434092,3.983434092,
10023,4.06832463,3.96832463,
10024,2.97429167,2.87429167,
10025,3.652557129,3.552557129,
10026,4.087842047,3.987842047,
10027,3.685966605,3.585966605,
10028,3.882127066,3.782127066,
10029,4.209411683,4.109411683,
10030,3.77233407,3.67233407,
10031,3.665384498,3.565384498,
10032,3.714968664,3.614968664,
10033,3.754273908,3.654273908,
10034,4.074570119,3.974570119,
10035,3.826477645,3.726477645,
10036,3.965663319,3.865663319,
10037,4.265613338,4.165613338,
10038,3.898620675,3.798620675,
10039,4.017606773,3.917606773,
10040,4.289092721,4.189092721,
10041,4.20882662,4.10882662,
10042,3.963636827,3.863636827,
10043,4.131204268,4.031204268,
10044,4.118917394,4.018917394,
10045,4.223792135,4.123792135,
10046,4.403433387,4.303433387,
10047,3.569782093,3.469782093,
10048,3.848816578,3.748816578,
10049,4.229371706,4.129371706,
10050,3.151494669,3.051494669,
10051,4.19997888,4.09997888,
10052,4.091744265,3.991744265,
10053,4.146325354,4.046325354,
10054,2.444965424,2.344965424,
10055,2.978684093,2.878684093,
10056,4.117863247,4.017863247,
10057,4.004973042,3.904973042,
10058,4.138692699,4.038692699,
10059,3.751528095,3.651528095,
10060,4.013883455,3.913883455,
10061,4.189278354,4.089278354,
10062,4.070877595,3.970877595,
10063,4.084292719,3.984292719,
10064,3.640407904,3.540407904,
10065,3.663593583,3.563593583,
10066,3.965439138,3.865439138,
10067,4.11420954,4.01420954,
10068,4.137267292,4.037267292,
10069,3.793945467,3.693945467,
10070,3.933296272,3.833296272,
10071,3.96013612,3.86013612,
10072,4.110476681,4.010476681,
10073,4.02596019,3.92596019,
10074,3.979076294,3.879076294,
10075,3.684031244,3.584031244,
10076,4.105626895,4.005626895,
10077,4.276105431,4.176105431,
10078,3.689788398,3.589788398,
10079,3.879763923,3.779763923,
10080,3.730412229,3.630412229,
10081,4.242413044,4.142413044,
10082,4.250195212,4.150195212,
10083,3.913164116,3.813164116,
10084,3.454053243,3.354053243,
10085,3.690765814,3.590765814,
10086,4.331808711,4.231808711,
10087,4.167637991,4.067637991,
10088,4.189547127,4.089547127,
10089,2.807723642,2.707723642,
10090,3.898912151,3.798912151,
10091,4.394141286,4.294141286,
10092,3.905601346,3.805601346,
10093,4.06536033,3.96536033,
10094,3.888047521,3.788047521,
10095,4.212350334,4.112350334,
10096,3.506005533,3.406005533,
10097,3.844223631,3.744223631,
10098,4.236013139,4.136013139,
10099,3.93553965,3.83553965,
10100,3.253630112,3.153630112,
10101,3.528281532,3.428281532,
10102,4.203266106,4.103266106,
10103,3.958958179,3.858958179,
10104,4.105252151,4.005252151,
10105,4.035479423,3.935479423,
10106,4.01699876,3.91699876,
10107,3.620155318,3.520155318,
10108,3.898718393,3.798718393,
10109,4.045104038,3.945104038,
10110,4.024725214,3.924725214,
10111,4.103786452,4.003786452,
10112,3.927914059,3.827914059,
10113,4.043170521,3.943170521,
10114,3.132244836,3.032244836,
10115,4.003039279,3.903039279,
10116,3.058700688,2.958700688,
10117,4.365159326,4.265159326,
10118,3.680358938,3.580358938,
10119,3.378524351,3.278524351,
10120,3.39091929,3.29091929,
10121,4.013808558,3.913808558,
10122,3.972356623,3.872356623,
10123,3.811783864,3.711783864,
10124,3.863778519,3.763778519,
10125,3.461092824,3.361092824,
10126,3.677481746,3.577481746,
10127,3.945125425,3.845125425,
10128,3.797452382,3.697452382,
10129,3.948668978,3.848668978,
10130,4.205156389,4.105156389,
10131,4.108030452,4.008030452,
10132,3.850028542,3.750028542,
10133,3.927258569,3.827258569,
10134,3.245992451,3.145992451,
10135,3.671231757,3.571231757,
10136,4.348580075,4.248580075,
10137,2.738871641,2.638871641,
10138,3.816979155,3.716979155,
10139,4.070703701,3.970703701,
10140,4.37388371,4.27388371,
10141,3.879669928,3.779669928,
10142,3.304198366,3.204198366,
10143,4.146241184,4.046241184,
10144,3.814871064,3.714871064,
10145,3.973021921,3.873021921,
10146,4.096983933,3.996983933,
10147,4.462879811,4.362879811,
10148,3.972706543,3.872706543,
10149,4.118864804,4.018864804,
10150,3.259990025,3.159990025,
10151,4.181740274,4.081740274,
10152,3.925216199,3.825216199,
10153,3.754631589,3.654631589,
10154,4.41175245,4.31175245,
10155,3.775195179,3.675195179,
10156,3.943622046,3.843622046,
10157,3.851739884,3.751739884,
10158,3.914668284,3.814668284,
10159,4.065115112,3.965115112,
10160,2.798688033,2.698688033,
10161,3.771325532,3.671325532,
10162,3.739202938,3.639202938,
10163,4.219964566,4.119964566,
10164,2.513311158,2.413311158,
10165,4.089220435,3.989220435,
10166,3.651510429,3.551510429,
10167,3.177579482,3.077579482,
10168,3.538966959,3.438966959,
10169,3.821529771,3.721529771,
10170,3.90673157,3.80673157,
10171,3.811406368,3.711406368,
10172,4.187204765,4.087204765,
10173,4.320519099,4.220519099,
10174,3.881005739,3.781005739,
10175,4.200445014,4.100445014,
10176,3.472907856,3.372907856,
10177,3.98385555,3.88385555,
10178,3.804552947,3.704552947,
10179,3.594146343,3.494146343,
10180,4.25472495,4.15472495,
10181,3.935325931,3.835325931,
10182,4.179729232,4.079729232,
10183,3.751079334,3.651079334,
10184,4.030097853,3.930097853,
10185,4.231302714,4.131302714,
10186,4.231166977,4.131166977,
10187,3.713849155,3.613849155,
10188,3.754769676,3.654769676,
10189,3.744282329,3.644282329,
10190,4.177536457,4.077536457,
10191,3.705286439,3.605286439,
10192,3.857532205,3.757532205,
10193,4.087923394,3.987923394,
10194,4.025487817,3.925487817,
10195,3.982678847,3.882678847,
10196,4.206999301,4.106999301,
10197,4.14192091,4.04192091,
10198,3.750256999,3.650256999,
10199,3.919749081,3.819749081,
10200,4.21937699,4.11937699,
10201,4.285990756,4.185990756,
10202,3.710516872,3.610516872,
10203,4.082228264,3.982228264,
10204,4.168573816,4.068573816,
10205,3.835531862,3.735531862,
10206,3.806192656,3.706192656,
10207,3.925915198,3.825915198,
10208,4.003983654,3.903983654,
10209,3.337008436,3.237008436,
10210,3.65699069,3.55699069,
10211,3.991818991,3.891818991,
10212,4.028414378,3.928414378,
10213,4.347120235,4.247120235,
10214,3.945848553,3.845848553,
10215,3.81070912,3.71070912,
10216,3.577474179,3.477474179,
10217,3.723211915,3.623211915,
10218,4.370898678,4.270898678,
10219,3.929638859,3.829638859,
10220,4.234624205,4.134624205,
10221,3.714998525,3.614998525,
10222,3.909479402,3.809479402,
10223,3.475603004,3.375603004,
10224,3.669608988,3.569608988,
10225,3.982919255,3.882919255,
10226,3.682989149,3.582989149,
10227,3.756887124,3.656887124,
10228,3.71773877,3.61773877,
10229,3.978705799,3.878705799,
10230,3.992543524,3.892543524,
10231,4.050375806,3.950375806,
10232,4.216886249,4.116886249,
10233,3.631962121,3.531962121,
10234,4.142501176,4.042501176,
10235,3.16869464,3.06869464,
10236,4.340423503,4.240423503,
10237,3.598520771,3.498520771,
10238,3.928716211,3.828716211,
10239,3.926993032,3.826993032,
10240,2.304416492,2.204416492,
10241,3.891079887,3.791079887,
10242,3.890415049,3.790415049,
10243,4.003294771,3.903294771,
10244,3.985486102,3.885486102,
10245,4.163869366,4.063869366,
10246,4.188752661,4.088752661,
10247,3.757659675,3.657659675,
10248,3.819220288,3.719220288,
10249,4.216515852,4.116515852,
10250,3.946228816,3.846228816,
10251,3.997427489,3.897427489,
10252,4.148132059,4.048132059,
10253,3.994838247,3.894838247,
10254,4.017441187,3.917441187,
10255,4.180609941,4.080609941,
10256,4.130547422,4.030547422,
10257,3.865237982,3.765237982,
10258,4.335157724,4.235157724,
10259,4.047320831,3.947320831,
10260,4.081030961,3.981030961,
10261,3.767731972,3.667731972,
10262,4.103005154,4.003005154,
10263,3.331709081,3.231709081,
10264,4.347258033,4.247258033,
10265,3.732674331,3.632674331,
10266,3.995444408,3.895444408,
10267,3.683393319,3.583393319,
10268,4.003236246,3.903236246,
10269,4.079667352,3.979667352,
10270,3.048346053,2.948346053,
10271,2.582105774,2.482105774,
10272,4.234883311,4.134883311,
10273,4.203498642,4.103498642,
10274,4.084235551,3.984235551,
10275,3.542309976,3.442309976,
10276,4.304961849,4.204961849,
10277,4.431683859,4.331683859,
10278,4.281561875,4.181561875,
10279,4.059960798,3.959960798,
10280,4.036802185,3.936802185,
10281,4.294342164,4.194342164,
10282,3.669613014,3.569613014,
10283,3.775709443,3.675709443,
10284,4.317984966,4.217984966,
10285,4.272087018,4.172087018,
10286,4.131879289,4.031879289,
10287,3.499254708,3.399254708,
10288,3.871528428,3.771528428,
10289,3.940373309,3.840373309,
10290,3.707723674,3.607723674,
10291,3.764511737,3.664511737,
10292,4.279914382,4.179914382,
10293,3.562792507,3.462792507,
10294,3.788293063,3.688293063,
10295,4.548429255,4.448429255,
10296,4.274235442,4.174235442,
10297,3.452058715,3.352058715,
10298,3.431421391,3.331421391,
10299,4.042849392,3.942849392,
10300,4.028324509,3.928324509,
10301,4.074866789,3.974866789,
10302,4.27340402,4.17340402,
10303,3.374905355,3.274905355,
10304,4.093898451,3.993898451,
10305,4.355398544,4.255398544,
10306,3.984837302,3.884837302,
10307,4.242567256,4.142567256,
10308,4.228806738,4.128806738,
10309,3.753348079,3.653348079,
10310,2.802660146,2.702660146,
10311,3.967078496,3.867078496,
10312,3.568268053,3.468268053,
10313,3.867951172,3.767951172,
10314,4.084673983,3.984673983,
10315,4.159897581,4.059897581,
10316,4.078678617,3.978678617,
10317,3.99916367,3.89916367,
10318,3.834068506,3.734068506,
10319,3.833686669,3.733686669,
10320,4.134573797,4.034573797,
10321,4.32157111,4.22157111,
10322,4.233251515,4.133251515,
10323,4.139854073,4.039854073,
10324,4.307651937,4.207651937,
10325,3.795193109,3.695193109,
10326,3.586818157,3.486818157,
10327,3.809832116,3.709832116,
10328,4.06082268,3.96082268,
10329,3.76390688,3.66390688,
10330,3.417605404,3.317605404,
10331,4.232656061,4.132656061,
10332,3.851079246,3.751079246,
10333,4.118698243,4.018698243,
10334,3.832074955,3.732074955,
10335,4.407858623,4.307858623,
10336,4.129995565,4.029995565,
10337,4.394158284,4.294158284,
10338,2.106602234,2.006602234,
10339,4.552813199,4.452813199,
10340,4.182313049,4.082313049,
10341,4.236506965,4.136506965,
10342,4.023625883,3.923625883,
10343,4.178373721,4.078373721,
10344,2.781736601,2.681736601,
10345,3.315314167,3.215314167,
10346,3.702380198,3.602380198,
10347,3.811478763,3.711478763,
10348,3.227411232,3.127411232,
10349,3.964436514,3.864436514,
10350,3.521262497,3.421262497,
10351,3.733378669,3.633378669,
10352,4.081994462,3.981994462,
10353,3.664917116,3.564917116,
10354,4.189242396,4.089242396,
10355,4.05128503,3.95128503,
10356,2.928788966,2.828788966,
10357,3.859265022,3.759265022,
10358,4.134794766,4.034794766,
10359,2.988459772,2.888459772,
10360,4.133047704,4.033047704,
10361,3.886896525,3.786896525,
10362,3.505774706,3.405774706,
10363,4.27250889,4.17250889,
10364,4.008221948,3.908221948,
10365,3.770529163,3.670529163,
10366,2.645164436,2.545164436,
10367,3.459130936,3.359130936,
10368,3.404017075,3.304017075,
10369,3.812526896,3.712526896,
10370,4.325158658,4.225158658,
10371,3.844088986,3.744088986,
10372,4.084534738,3.984534738,
10373,4.04437276,3.94437276,
10374,3.315498396,3.215498396,
10375,4.027788383,3.927788383,
10376,3.922305088,3.822305088,
10377,4.345895073,4.245895073,
10378,3.132740036,3.032740036,
10379,4.085703339,3.985703339,
10380,3.995987021,3.895987021,
10381,4.242057259,4.142057259,
10382,4.046965031,3.946965031,
10383,4.038032803,3.938032803,
10384,3.83378388,3.73378388,
10385,3.995541165,3.895541165,
10386,3.260805654,3.160805654,
10387,4.198215668,4.098215668,
10388,3.854152485,3.754152485,
10389,4.227105316,4.127105316,
10390,2.946227573,2.846227573,
10391,2.182088473,2.082088473,
10392,3.662875564,3.562875564,
10393,4.05121714,3.95121714,
10394,3.846693561,3.746693561,
10395,3.927071303,3.827071303,
10396,4.174230503,4.074230503,
10397,4.111150589,4.011150589,
10398,2.539026389,2.439026389,
10399,3.10611035,3.00611035,
10400,3.877477957,3.777477957,
10401,4.360797495,4.260797495,
10402,3.817847175,3.717847175,
10403,4.232890312,4.132890312,
10404,4.021401485,3.921401485,
10405,4.387625082,4.287625082,
10406,4.167075043,4.067075043,
10407,4.000078124,3.900078124,
10408,3.503077749,3.403077749,
10409,3.949817714,3.849817714,
10410,3.855180529,3.755180529,
10411,3.893665622,3.793665622,
10412,4.056953422,3.956953422,
10413,3.956597747,3.856597747,
10414,4.126637639,4.026637639,
10415,3.794914926,3.694914926,
10416,3.454307416,3.354307416,
10417,3.315207126,3.215207126,
10418,3.963970236,3.863970236,
10419,3.635246639,3.535246639,
10420,3.686863361,3.586863361,
10421,4.109777144,4.009777144,
10422,3.505574935,3.405574935,
10423,3.628229179,3.528229179,
10424,3.90202116,3.80202116,
10425,3.625538919,3.525538919,
10426,3.425717539,3.325717539,
10427,4.624890576,4.524890576,
10428,2.027496451,1.927496451,
10429,4.134568756,4.034568756,
10430,3.982618046,3.882618046,
10431,3.872472734,3.772472734,
10432,4.478263448,4.378263448,
10433,4.294872645,4.194872645,
10434,4.030709184,3.930709184,
10435,4.279421801,4.179421801,
10436,4.165577595,4.065577595,
10437,3.664671142,3.564671142,
10438,4.377044729,4.277044729,
10439,3.678843957,3.578843957,
10440,3.52533662,3.42533662,
10441,3.86218918,3.76218918,
10442,3.888763382,3.788763382,
10443,4.476276139,4.376276139,
10444,4.107036061,4.007036061,
10445,4.23214168,4.13214168,
10446,3.828241673,3.728241673,
10447,3.70338269,3.60338269,
10448,4.209991454,4.109991454,
10449,4.443128875,4.343128875,
10450,3.898443336,3.798443336,
10451,3.701778043,3.601778043,
10452,4.097383627,3.997383627,
10453,3.325517085,3.225517085,
10454,4.145697802,4.045697802,
10455,3.833304659,3.733304659,
10456,4.001264724,3.901264724,
10457,4.328438529,4.228438529,
10458,4.268852715,4.168852715,
10459,4.133487083,4.033487083,
10460,4.183105009,4.083105009,
10461,3.833488983,3.733488983,
10462,3.494428088,3.394428088,
10463,3.581327149,3.481327149,
10464,2.905497774,2.805497774,
10465,4.123125199,4.023125199,
10466,4.152452917,4.052452917,
10467,3.609825638,3.509825638,
10468,3.755269605,3.655269605,
10469,3.873879861,3.773879861,
10470,4.023938563,3.923938563,
10471,3.309976561,3.209976561,
10472,4.20485106,4.10485106,
10473,4.040408717,3.940408717,
10474,3.572534618,3.472534618,
10475,3.787219961,3.687219961,
10476,3.722710587,3.622710587,
10477,3.882651516,3.782651516,
10478,3.834392547,3.734392547,
10479,4.183915708,4.083915708,
10480,4.271060779,4.171060779,
10481,4.050477168,3.950477168,
10482,3.487540372,3.387540372,
10483,4.267950324,4.167950324,
10484,4.087433332,3.987433332,
10485,3.865304193,3.765304193,
10486,3.958918426,3.858918426,
10487,2.805557891,2.705557891,
10488,3.676957807,3.576957807,
10489,3.772215213,3.672215213,
10490,3.960459733,3.860459733,
10491,3.854740855,3.754740855,
10492,4.108106978,4.008106978,
10493,3.621968735,3.521968735,
10494,4.097637781,3.997637781,
10495,4.118882155,4.018882155,
10496,4.090556856,3.990556856,
10497,3.840847946,3.740847946,
10498,4.139186779,4.039186779,
10499,4.142092081,4.042092081,
10500,4.319776644,4.219776644,
10501,4.043842857,3.943842857,
10502,4.147371901,4.047371901,
10503,3.962572014,3.862572014,
10504,4.045787617,3.945787617,
10505,4.15652447,4.05652447,
10506,3.545634568,3.445634568,
10507,3.965886215,3.865886215,
10508,4.03996203,3.93996203,
10509,4.161961098,4.061961098,
10510,3.676999978,3.576999978,
10511,3.481856469,3.381856469,
10512,3.960992043,3.860992043,
10513,3.007513201,2.907513201,
10514,3.973391845,3.873391845,
10515,3.934453125,3.834453125,
10516,3.768946773,3.668946773,
10517,4.126809799,4.026809799,
10518,3.851223376,3.751223376,
10519,4.13465506,4.03465506,
10520,4.080192312,3.980192312,
10521,4.288261799,4.188261799,
10522,3.649334838,3.549334838,
10523,3.836121293,3.736121293,
10524,4.231912146,4.131912146,
10525,3.596955098,3.496955098,
10526,3.770113335,3.670113335,
10527,3.495989988,3.395989988,
10528,3.550282611,3.450282611,
10529,3.956078175,3.856078175,
10530,4.284775694,4.184775694,
10531,3.914433522,3.814433522,
10532,3.851100966,3.751100966,
10533,2.982365334,2.882365334,
10534,4.177628966,4.077628966,
10535,3.450706395,3.350706395,
10536,3.800684591,3.700684591,
10537,3.479772912,3.379772912,
10538,3.91659043,3.81659043,
10539,4.468972207,4.368972207,
10540,3.489571257,3.389571257,
10541,3.712570994,3.612570994,
10542,3.884260538,3.784260538,
10543,4.239863762,4.139863762,
10544,4.186338732,4.086338732,
10545,3.282433243,3.182433243,
10546,4.230690134,4.130690134,
10547,3.556295409,3.456295409,
10548,4.038128231,3.938128231,
10549,4.15258627,4.05258627,
10550,4.162768041,4.062768041,
10551,3.296823085,3.196823085,
10552,3.827433685,3.727433685,
10553,4.01700471,3.91700471,
10554,4.225883099,4.125883099,
10555,3.77083821,3.67083821,
10556,3.268743388,3.168743388,
10557,4.104709654,4.004709654,
10558,3.564177697,3.464177697,
10559,4.077096964,3.977096964,
10560,3.55088818,3.45088818,
10561,3.663294577,3.563294577,
10562,1.998986212,1.898986212,
10563,2.870018429,2.770018429,
10564,3.857612377,3.757612377,
10565,3.173296997,3.073296997,
10566,2.119640776,2.019640776,
10567,4.099878443,3.999878443,
10568,4.258496214,4.158496214,
10569,3.890214736,3.790214736,
10570,3.523424633,3.423424633,
10571,3.451097541,3.351097541,
10572,4.51069506,4.41069506,
10573,3.993629468,3.893629468,
10574,3.708233291,3.608233291,
10575,3.772270952,3.672270952,
10576,3.965672186,3.865672186,
10577,4.34184995,4.24184995,
10578,3.249252466,3.149252466,
10579,4.091274448,3.991274448,
10580,2.839512749,2.739512749,
10581,3.806419926,3.706419926,
10582,3.896254957,3.796254957,
10583,4.164896054,4.064896054,
10584,3.804096183,3.704096183,
10585,3.971798129,3.871798129,
10586,3.91691035,3.81691035,
10587,4.058932415,3.958932415,
10588,4.138738638,4.038738638,
10589,3.856952244,3.756952244,
10590,3.859435987,3.759435987,
10591,4.318091618,4.218091618,
10592,3.965918701,3.865918701,
10593,3.419854951,3.319854951,
10594,4.062949076,3.962949076,
10595,4.21612681,4.11612681,
10596,3.913244418,3.813244418,
10597,4.25885788,4.15885788,
10598,3.694826167,3.594826167,
10599,3.597533789,3.497533789,
10600,4.044906748,3.944906748,
10601,4.269948526,4.169948526,
10602,4.112761174,4.012761174,
10603,4.037438646,3.937438646,
10604,4.304414785,4.204414785,
10605,4.217759495,4.117759495,
10606,4.040337734,3.940337734,
10607,4.175158744,4.075158744,
10608,4.233169775,4.133169775,
10609,4.090284372,3.990284372,
10610,3.593447499,3.493447499,
10611,3.92505314,3.82505314,
10612,4.251464911,4.151464911,
10613,3.738690261,3.638690261,
10614,4.002526764,3.902526764,
10615,3.523735587,3.423735587,
10616,3.289521036,3.189521036,
10617,3.872110311,3.772110311,
10618,3.526469052,3.426469052,
10619,3.606954162,3.506954162,
10620,4.24953696,4.14953696,
10621,4.126004706,4.026004706,
10622,3.956596168,3.856596168,
10623,3.533348518,3.433348518,
10624,3.482290421,3.382290421,
10625,3.978897891,3.878897891,
10626,3.344816545,3.244816545,
10627,3.98593678,3.88593678,
10628,3.974548224,3.874548224,
10629,4.156812248,4.056812248,
10630,4.273798925,4.173798925,
10631,3.070809814,2.970809814,
10632,3.993410549,3.893410549,
10633,4.083948808,3.983948808,
10634,4.232969001,4.132969001,
10635,4.046731851,3.946731851,
10636,3.729399032,3.629399032,
10637,4.469833841,4.369833841,
10638,4.298934035,4.198934035,
10639,3.471448941,3.371448941,
10640,4.331603159,4.231603159,
10641,4.032013105,3.932013105,
10642,3.138664147,3.038664147,
10643,3.797963275,3.697963275,
10644,4.392519733,4.292519733,
10645,3.665173776,3.565173776,
10646,3.504884984,3.404884984,
10647,4.244641461,4.144641461,
10648,4.147885533,4.047885533,
10649,4.117483629,4.017483629,
10650,3.878955028,3.778955028,
10651,4.066684502,3.966684502,
10652,3.140531213,3.040531213,
10653,3.873812359,3.773812359,
10654,3.057579588,2.957579588,
10655,3.837171975,3.737171975,
10656,4.059783712,3.959783712,
10657,3.88703144,3.78703144,
10658,4.176283626,4.076283626,
10659,3.876873351,3.776873351,
10660,3.938632431,3.838632431,
10661,3.585475873,3.485475873,
10662,4.006562006,3.906562006,
10663,4.037888532,3.937888532,
10664,4.114981615,4.014981615,
10665,2.713749386,2.613749386,
10666,3.917077914,3.817077914,
10667,4.074236102,3.974236102,
10668,3.87916095,3.77916095,
10669,2.077193908,1.977193908,
10670,4.189818911,4.089818911,
10671,3.305564132,3.205564132,
10672,3.921410079,3.821410079,
10673,3.894818902,3.794818902,
10674,4.095863675,3.995863675,
10675,3.862356064,3.762356064,
10676,3.583149201,3.483149201,
10677,4.409576811,4.309576811,
10678,4.146473217,4.046473217,
10679,4.050429737,3.950429737,
10680,3.914689128,3.814689128,
10681,4.222323059,4.122323059,
10682,3.88812712,3.78812712,
10683,4.286721246,4.186721246,
10684,3.783985489,3.683985489,
10685,3.780294792,3.680294792,
10686,3.831409082,3.731409082,
10687,4.218760669,4.118760669,
10688,2.201039099,2.101039099,
10689,3.994560514,3.894560514,
10690,3.316732503,3.216732503,
10691,4.351456386,4.251456386,
10692,4.534896167,4.434896167,
10693,3.752979708,3.652979708,
10694,3.353365121,3.253365121,
10695,4.124033054,4.024033054,
10696,3.855452466,3.755452466,
10697,3.961216107,3.861216107,
10698,3.977225479,3.877225479,
10699,4.101712819,4.001712819,
10700,3.961374114,3.861374114,
10701,3.891013201,3.791013201,
10702,4.099291171,3.999291171,
10703,3.947398572,3.847398572,
10704,4.032997562,3.932997562,
10705,3.434026882,3.334026882,
10706,3.848159229,3.748159229,
10707,3.869274784,3.769274784,
10708,4.080627325,3.980627325,
10709,4.244271168,4.144271168,
10710,3.817778965,3.717778965,
10711,3.530727,3.430727,
10712,2.476429339,2.376429339,
10713,3.623456828,3.523456828,
10714,3.967878509,3.867878509,
10715,3.888207536,3.788207536,
10716,4.511526087,4.411526087,
10717,4.029220436,3.929220436,
10718,3.827866131,3.727866131,
10719,4.070883463,3.970883463,
10720,3.725047769,3.625047769,
10721,3.948057668,3.848057668,
10722,3.826127681,3.726127681,
10723,4.336642082,4.236642082,
10724,2.563476494,2.463476494,
10725,3.634719463,3.534719463,
10726,4.476872277,4.376872277,
10727,3.93872581,3.83872581,
10728,4.022180721,3.922180721,
10729,3.847849962,3.747849962,
10730,4.234764492,4.134764492,
10731,4.121414654,4.021414654,
10732,4.032049177,3.932049177,
10733,3.438922851,3.338922851,
10734,3.801149857,3.701149857,
10735,3.94110214,3.84110214,
10736,2.948602463,2.848602463,
10737,3.748514755,3.648514755,
10738,4.19654268,4.09654268,
10739,4.183345216,4.083345216,
10740,3.895395527,3.795395527,
10741,3.174193546,3.074193546,
10742,4.081125486,3.981125486,
10743,4.003473763,3.903473763,
10744,3.794433281,3.694433281,
10745,2.723556299,2.623556299,
10746,4.21352912,4.11352912,
10747,3.982524511,3.882524511,
10748,4.231740488,4.131740488,
10749,3.800548802,3.700548802,
10750,4.203995045,4.103995045,
10751,3.676614259,3.576614259,
10752,4.49246473,4.39246473,
10753,4.162282617,4.062282617,
10754,3.935593985,3.835593985,
10755,4.109899073,4.009899073,
10756,3.587506252,3.487506252,
10757,4.173853234,4.073853234,
10758,3.21532154,3.11532154,
10759,4.019497846,3.919497846,
10760,3.953372465,3.853372465,
10761,3.889670629,3.789670629,
10762,3.521612686,3.421612686,
10763,3.982141834,3.882141834,
10764,4.166147347,4.066147347,
10765,3.829494601,3.729494601,
10766,4.071397484,3.971397484,
10767,4.262196128,4.162196128,
10768,4.326906791,4.226906791,
10769,3.830940281,3.730940281,
10770,2.409720595,2.309720595,
10771,4.380820611,4.280820611,
10772,3.460636777,3.360636777,
10773,4.111224061,4.011224061,
10774,3.608952153,3.508952153,
10775,3.93636885,3.83636885,
10776,3.618506561,3.518506561,
10777,4.336795853,4.236795853,
10778,4.362706309,4.262706309,
10779,3.387432916,3.287432916,
10780,3.711162428,3.611162428,
10781,3.485740351,3.385740351,
10782,3.833486352,3.733486352,
10783,3.938434845,3.838434845,
10784,3.542152315,3.442152315,
10785,3.774715919,3.674715919,
10786,3.995069529,3.895069529,
10787,4.397699815,4.297699815,
10788,3.713968758,3.613968758,
10789,3.68987947,3.58987947,
10790,3.704849513,3.604849513,
10791,3.98090676,3.88090676,
10792,4.080002574,3.980002574,
10793,3.386658608,3.286658608,
10794,3.535883023,3.435883023,
10795,3.999654267,3.899654267,
10796,3.52075664,3.42075664,
10797,2.286434324,2.186434324,
10798,4.232541154,4.132541154,
10799,3.678084838,3.578084838,
10800,4.126445361,4.026445361,
10801,3.82002027,3.72002027,
10802,3.613719198,3.513719198,
10803,3.643701255,3.543701255,
10804,3.499270862,3.399270862,
10805,4.364757785,4.264757785,
10806,3.954149224,3.854149224,
10807,3.882990332,3.782990332,
10808,3.561086802,3.461086802,
10809,4.083856678,3.983856678,
10810,4.224168521,4.124168521,
10811,3.952957468,3.852957468,
10812,4.433492083,4.333492083,
10813,4.068978754,3.968978754,
10814,4.092738106,3.992738106,
10815,4.188623326,4.088623326,
10816,4.170795985,4.070795985,
10817,3.723912697,3.623912697,
10818,2.155047344,2.055047344,
10819,4.321989312,4.221989312,
10820,3.454545294,3.354545294,
10821,3.73261843,3.63261843,
10822,4.308107206,4.208107206,
10823,4.270064453,4.170064453,
10824,4.47948638,4.37948638,
10825,3.714737618,3.614737618,
10826,4.058019557,3.958019557,
10827,3.556707481,3.456707481,
10828,3.657815952,3.557815952,
10829,4.15846542,4.05846542,
10830,3.859342109,3.759342109,
10831,3.953700167,3.853700167,
10832,3.858317306,3.758317306,
10833,4.260449629,4.160449629,
10834,3.307984274,3.207984274,
10835,3.713522566,3.613522566,
10836,3.656781729,3.556781729,
10837,4.236500419,4.136500419,
10838,3.63685438,3.53685438,
10839,3.709854955,3.609854955,
10840,4.148718504,4.048718504,
10841,4.152810803,4.052810803,
10842,3.724677871,3.624677871,
10843,3.810662345,3.710662345,
10844,4.201820686,4.101820686,
10845,3.887868248,3.787868248,
10846,2.995859538,2.895859538,
10847,3.680979033,3.580979033,
10848,3.467026114,3.367026114,
10849,3.974599176,3.874599176,
10850,4.242983535,4.142983535,
10851,3.658149728,3.558149728,
10852,3.579720977,3.479720977,
10853,4.211924665,4.111924665,
10854,2.499233148,2.399233148,
10855,3.841619615,3.741619615,
10856,4.281496579,4.181496579,
10857,4.198794488,4.098794488,
10858,4.097479001,3.997479001,
10859,3.8356636,3.7356636,
10860,4.021575069,3.921575069,
10861,4.071013957,3.971013957,
10862,3.873491211,3.773491211,
10863,3.564223628,3.464223628,
10864,3.888527966,3.788527966,
10865,3.651154109,3.551154109,
10866,4.494937304,4.394937304,
10867,3.990850028,3.890850028,
10868,3.426172075,3.326172075,
10869,3.918946732,3.818946732,
10870,3.611207379,3.511207379,
10871,4.160205352,4.060205352,
10872,3.367962146,3.267962146,
10873,4.152659067,4.052659067,
10874,3.667551184,3.567551184,
10875,4.023214951,3.923214951,
10876,3.693997354,3.593997354,
10877,3.592695422,3.492695422,
10878,4.327117503,4.227117503,
10879,4.176977893,4.076977893,
10880,4.026456295,3.926456295,
10881,4.00936991,3.90936991,
10882,3.995179671,3.895179671,
10883,4.548727744,4.448727744,
10884,4.493382833,4.393382833,
10885,4.090589071,3.990589071,
10886,3.776785734,3.676785734,
10887,3.606853062,3.506853062,
10888,3.607277343,3.507277343,
10889,4.274021297,4.174021297,
10890,2.916032827,2.816032827,
10891,4.641374183,4.541374183,
10892,4.070046743,3.970046743,
10893,4.257222233,4.157222233,
10894,4.103270572,4.003270572,
10895,4.12344752,4.02344752,
10896,4.459598113,4.359598113,
10897,3.758952076,3.658952076,
10898,3.681998475,3.581998475,
10899,3.811572679,3.711572679,
10900,4.067693691,3.967693691,
10901,4.044316584,3.944316584,
10902,4.017943853,3.917943853,
10903,3.93295529,3.83295529,
10904,4.047347053,3.947347053,
10905,3.746231934,3.646231934,
10906,3.531761966,3.431761966,
10907,4.006154191,3.906154191,
10908,4.05795657,3.95795657,
10909,3.985141068,3.885141068,
10910,4.184801814,4.084801814,
10911,3.731059587,3.631059587,
10912,3.876635833,3.776635833,
10913,4.27690009,4.17690009,
10914,3.861395029,3.761395029,
10915,3.902047762,3.802047762,
10916,3.849605406,3.749605406,
10917,4.060512714,3.960512714,
10918,3.516854648,3.416854648,
10919,3.623368419,3.523368419,
10920,3.880354681,3.780354681,
10921,3.559065016,3.459065016,
10922,4.152003102,4.052003102,
10923,3.986249063,3.886249063,
10924,3.888800028,3.788800028,
10925,4.025179221,3.925179221,
10926,2.813855834,2.713855834,
10927,4.015409431,3.915409431,
10928,3.719018523,3.619018523,
10929,4.449320062,4.349320062,
10930,4.322825881,4.222825881,
10931,4.197321081,4.097321081,
10932,4.607035129,4.507035129,
10933,3.550725989,3.450725989,
10934,3.752819621,3.652819621,
10935,3.240280487,3.140280487,
10936,4.01684114,3.91684114,
10937,4.044453805,3.944453805,
10938,3.373875315,3.273875315,
10939,4.315372263,4.215372263,
10940,3.869220679,3.769220679,
10941,4.036019333,3.936019333,
10942,3.913640377,3.813640377,
10943,3.883284562,3.783284562,
10944,3.149880071,3.049880071,
10945,2.912042708,2.812042708,
10946,4.085594133,3.985594133,
10947,4.001183539,3.901183539,
10948,3.922786931,3.822786931,
10949,4.153506501,4.053506501,
10950,4.011744611,3.911744611,
10951,3.708139202,3.608139202,
10952,3.929783291,3.829783291,
10953,3.665483764,3.565483764,
10954,3.893136295,3.793136295,
10955,3.729620295,3.629620295,
10956,3.368543522,3.268543522,
10957,4.081071136,3.981071136,
10958,4.505074793,4.405074793,
10959,4.182975593,4.082975593,
10960,4.123434633,4.023434633,
10961,4.083348402,3.983348402,
10962,3.501620467,3.401620467,
10963,3.687718066,3.587718066,
10964,4.380913005,4.280913005,
10965,3.506263788,3.406263788,
10966,3.890114141,3.790114141,
10967,4.212697688,4.112697688,
10968,4.455609726,4.355609726,
