"id","happiness"
8001,4.05655972923271
8002,2.76113781293409
8003,3.55241618418807
8004,4.41588388193318
8005,3.32727431604888
8006,4.22674544288937
8007,4.08893928122071
8008,4.60113992809949
8009,4.11736714060777
8010,3.04270247279177
8011,3.3216118123607
8012,3.78247187970402
8013,4.33530246528635
8014,3.75594259369128
8015,4.10516701900755
8016,4.54349505313202
8017,3.70053272006363
8018,4.35480690621617
8019,4.16958706073035
8020,3.56843698321137
8021,4.16973661660157
8022,3.92754733335253
8023,4.00726932899557
8024,3.44846777166272
8025,3.42954839855559
8026,4.0795884338046
8027,4.22701285409698
8028,4.41032792077095
8029,4.10601208563809
8030,4.37291350032992
8031,3.68974328014871
8032,3.84712550126073
8033,4.24099596552548
8034,3.06907894623024
8035,3.78121473211773
8036,4.4233723161671
8037,4.00022984280051
8038,4.08955284738364
8039,3.60189053425134
8040,4.33147691513202
8041,4.35823760775689
8042,3.47165584000959
8043,4.0675052013557
8044,4.07928627813726
8045,4.25745934386602
8046,4.10556149932529
8047,4.54225738935552
8048,4.35421349555255
8049,3.99892030931395
8050,4.43586126664209
8051,3.90291942481823
8052,4.34215329523644
8053,2.92968862538284
8054,4.21397807573376
8055,4.18457095310342
8056,3.16674347668335
8057,4.1924385382505
8058,3.40487587997604
8059,3.18305988403319
8060,4.44869327795084
8061,3.89201070378092
8062,3.95637396041524
8063,3.99581684357799
8064,4.24525366723115
8065,4.09926882275716
8066,4.33621213910113
8067,4.10909470768925
8068,3.90818642287249
8069,3.45522053188983
8070,4.0434693353284
8071,3.74455851556382
8072,4.40332759111392
8073,3.86604025434993
8074,3.69666014714619
8075,3.00823132924662
8076,3.98092627912988
8077,3.86211581571501
8078,4.11385825903629
8079,4.59336359570209
8080,3.80186315936679
8081,4.30485005792257
8082,3.97996525781723
8083,4.36347234790864
8084,4.26702167571509
8085,4.41153205313307
8086,3.98059566377937
8087,4.0181794967941
8088,3.75881912849604
8089,3.51762905633075
8090,3.69420301042155
8091,4.16413660802289
8092,3.37212144261039
8093,4.32358511975163
8094,4.13512826609999
8095,4.53870783952732
8096,3.51739924196544
8097,4.54780631861247
8098,4.10614601625463
8099,3.84474977193746
8100,3.90499933326305
8101,4.2087207437781
8102,4.30955322210309
8103,3.69320845056507
8104,4.35605910763525
8105,4.28758267906591
8106,4.1244423757638
8107,4.30251113758511
8108,4.1148461072275
8109,3.86545212607166
8110,3.76286530958786
8111,4.22531935510737
8112,3.35203787611488
8113,4.09375719667051
8114,4.69194113774761
8115,4.12905116796185
8116,3.87806495405057
8117,3.71940051245363
8118,4.23049160043372
8119,3.91275856595529
8120,4.43654892191891
8121,3.49731660999356
8122,4.09942807391341
8123,3.78795553084879
8124,3.78034876155089
8125,4.07494697991531
8126,4.4836043478565
8127,2.03596589669679
8128,3.93292234384143
8129,3.86840965365454
8130,3.84698414226963
8131,4.1791810582596
8132,4.29689592004585
8133,4.28166607808138
8134,4.04796823210036
8135,4.11231430758227
8136,4.43969237793725
8137,4.20337148663839
8138,3.54077625821132
8139,4.03821163568491
8140,2.99821444708909
8141,4.10941333743964
8142,3.83184778498263
8143,4.20808100635896
8144,3.54719339042951
8145,4.07688429287229
8146,2.30833277816457
8147,4.21122278354302
8148,2.46676676324888
8149,3.37562140059779
8150,3.64777145251759
8151,2.7789957635388
8152,4.13252320380695
8153,3.75474833854202
8154,3.92746136015059
8155,3.52940645818745
8156,3.89153582664063
8157,3.90889256425475
8158,3.27037562657076
8159,4.27428183436851
8160,4.15558044363272
8161,3.482431691795
8162,3.97693162554151
8163,4.00773264331229
8164,4.07697084202628
8165,3.99961093863768
8166,4.29902434694703
8167,3.97510376432972
8168,2.75125891896779
8169,3.43196579269594
8170,4.13299350966988
8171,3.97350420210497
8172,3.84086412550509
8173,3.66293083834599
8174,4.00667847900742
8175,4.03051396916421
8176,4.24575699142101
8177,2.66079192252258
8178,4.48048529191254
8179,4.1434942570881
8180,3.69502257771055
8181,3.89351295679492
8182,4.09625586194816
8183,3.99685636556137
8184,4.07240583429601
8185,3.50986360392453
8186,3.99826148746452
8187,4.27833970433348
8188,3.67364318870384
8189,4.21848748245547
8190,4.12175545856241
8191,3.88686176576588
8192,4.09950438449038
8193,4.21152234800291
8194,4.23117019452856
8195,4.43016137656607
8196,3.64889213362609
8197,3.79640046870857
8198,4.43119384892413
8199,4.1575404451749
8200,4.50551613726058
8201,3.77733490982108
8202,4.17325754895779
8203,3.99644838586844
8204,3.94714580907427
8205,4.23650218223255
8206,3.93339543707275
8207,3.95420089112464
8208,3.77425779135471
8209,3.53761330678914
8210,3.71274267921739
8211,3.66167375267889
8212,3.90393862370936
8213,4.26490583480314
8214,3.96423356636108
8215,3.5123548330017
8216,4.05160275830707
8217,3.50876649012238
8218,3.70047052107636
8219,3.76122028019535
8220,4.07837680690772
8221,4.52368661611188
8222,4.24105365529284
8223,3.24518823405848
8224,3.9618688771641
8225,4.05992064911429
8226,3.41778555691551
8227,4.38749821917143
8228,3.41185413299438
8229,4.04380577475385
8230,3.52570578443822
8231,4.16101712728191
8232,4.08738648371159
8233,3.89956379264389
8234,4.29152078646899
8235,3.7549991862551
8236,3.23115675583058
8237,3.42378528460725
8238,4.315290702433
8239,3.69248028924137
8240,3.2983212627274
8241,3.3974207060624
8242,3.94411883909691
8243,4.61174392881067
8244,4.05529558930343
8245,3.56676397308539
8246,4.05959387958161
8247,4.02651729401005
8248,4.00717128335944
8249,4.4918187596352
8250,4.11062431772436
8251,4.43157163306042
8252,4.4861453126636
8253,3.62591437168668
8254,3.84432762526964
8255,3.758151371138
8256,3.98302039680653
8257,4.00904107270173
8258,3.10188420549383
8259,4.38305598342741
8260,4.06905212372249
8261,4.25328595093995
8262,3.94978370584399
8263,4.01864689354941
8264,3.88503566183079
8265,4.01728693492039
8266,3.3877027216908
8267,3.96012035589295
8268,4.10019236053946
8269,3.60261918296781
8270,3.69876924858007
8271,2.8442934176102
8272,4.07925039792873
8273,3.96187136151636
8274,3.76870000789494
8275,4.16181943051117
8276,4.34694246402215
8277,4.06869415296697
8278,4.13720773256178
8279,4.54487313703075
8280,4.23613458671518
8281,4.30077589165146
8282,4.11013168816626
8283,4.13754935911985
8284,4.22487225327815
8285,3.87792453015614
8286,1.95635684254989
8287,4.30643445204942
8288,4.06422878292242
8289,4.184825165584
8290,4.01317309650677
8291,4.35388028229677
8292,4.21114485922772
8293,3.89708983636815
8294,4.4363220015639
8295,3.85220375878571
8296,4.13392857708729
8297,3.56359197191482
8298,4.54217906116345
8299,2.76144984760175
8300,3.68287975884177
8301,3.92235469230563
8302,4.42039856599344
8303,3.93495423732734
8304,4.05893260319273
8305,4.02495281681166
8306,4.66449365610098
8307,3.44468685518843
8308,4.27710342678319
8309,3.69767938719982
8310,3.37372642604277
8311,4.3987849402607
8312,4.58883903634551
8313,4.27218163003395
8314,3.03892659120241
8315,4.17141924469236
8316,3.99847816894503
8317,3.4133747264934
8318,4.42198892362164
8319,3.33426441747725
8320,3.91320195827349
8321,4.1904951630129
8322,4.41061549786991
8323,3.99033749301339
8324,3.8328620496877
8325,4.2611616426316
8326,4.33941069002226
8327,3.64309402591017
8328,4.07645837295314
8329,2.97365425485964
8330,4.4479903996354
8331,4.37656214239642
8332,3.67924614638356
8333,3.74062329007597
8334,4.06327939410607
8335,3.55131679130844
8336,4.2229695155682
8337,3.72152860310717
8338,4.43258523157178
8339,3.57978393225175
8340,3.46028982446795
8341,4.12556757843542
8342,4.13769484347214
8343,3.1700465046241
8344,4.18151237510037
8345,3.99565303360682
8346,3.25613427686563
8347,3.5029141953769
8348,4.0778332202253
8349,4.11983277756671
8350,3.44023616749208
8351,4.19534188534867
8352,3.77827152032941
8353,3.00678601746893
8354,4.32602244966408
8355,3.25197483879259
8356,4.58393427965736
8357,3.71461720533756
8358,4.03996623461394
8359,3.67697978766936
8360,3.95922740828565
8361,4.10470454047975
8362,4.3755034399215
8363,3.55203026792731
8364,3.81635293867793
8365,3.73504893799106
8366,3.60154357480845
8367,4.27563197291437
8368,4.27175657300375
8369,3.70298739961075
8370,3.00586988936526
8371,4.1537524428413
8372,3.33147290623751
8373,2.29785907529245
8374,2.91340269218555
8375,4.20015288983999
8376,4.48257385298996
8377,4.30374708578133
8378,4.25765497173979
8379,4.40361978620872
8380,3.65204180790192
8381,4.30742657121932
8382,4.07174624140688
8383,4.43977566820995
8384,3.3156107767876
8385,4.22086550266392
8386,4.22895204222614
8387,4.20014744808555
8388,4.22895588413346
8389,3.52401358002881
8390,4.27769811270533
8391,3.61268324002839
8392,3.39151558086313
8393,4.09383511909444
8394,4.1888309343083
8395,4.34401126039799
8396,3.97278058865275
8397,3.74603296217086
8398,3.49072906842994
8399,4.27438831518548
8400,4.31481300045468
8401,4.56994314095235
8402,3.76135443659622
8403,4.41092941937386
8404,4.02264518444668
8405,4.46079208711166
8406,4.07771357604473
8407,3.8685569158885
8408,4.56322080226537
8409,4.2891709782723
8410,3.86508824390959
8411,4.05736809983541
8412,3.84771951541667
8413,4.09872542017413
8414,4.33607816288138
8415,3.41086345827264
8416,4.19581204247742
8417,3.93357253422928
8418,4.62197975921496
8419,2.98832194742067
8420,3.92802390089703
8421,4.20001268141626
8422,3.83498811456613
8423,4.52395912066762
8424,2.95410753563393
8425,3.99035431229081
8426,4.03146646327875
8427,3.62073625414701
8428,4.36356998225461
8429,3.89640066235891
8430,4.33498514613711
8431,3.86897119890317
8432,4.31895667097996
8433,4.2425018294017
8434,4.54459386285176
8435,3.88634029545505
8436,3.75914583056743
8437,4.11324056101428
8438,4.02249249816935
8439,3.28685430767795
8440,2.66781213305693
8441,4.15115150721599
8442,4.24864054570914
8443,4.17049100701501
8444,4.14057217244308
8445,3.39567305855728
8446,3.5637451426425
8447,3.87968183983865
8448,3.3500505942513
8449,3.64458465190941
8450,3.761042762622
8451,2.84078257814114
8452,3.32002040356462
8453,4.30421406639036
8454,4.15383189031054
8455,3.62423964024151
8456,3.98125674335199
8457,4.09772270690966
8458,4.19574311220964
8459,4.35534822734098
8460,3.8302165399566
8461,3.61871254607086
8462,3.79014572954927
8463,4.3261742837842
8464,3.99929864672584
8465,3.82770569752272
8466,4.71204779204112
8467,2.60832353989014
8468,3.66779430665525
8469,4.41520702299573
8470,3.49006340616543
8471,3.88059339067213
8472,4.37752299386797
8473,3.98625601516254
8474,4.08831276672922
8475,3.89251729071926
8476,4.30881030199893
8477,4.24473735350403
8478,4.20488080743192
8479,4.29547304305978
8480,3.20239717672485
8481,4.15785565282146
8482,3.72160598195397
8483,3.46485540093924
8484,4.36723624768371
8485,3.97657927343713
8486,4.49486460650551
8487,4.13870095033135
8488,4.345887119961
8489,4.61782852598086
8490,4.03724930536958
8491,4.39197714395096
8492,4.11068165417118
8493,4.08241487087868
8494,3.67194825079058
8495,4.18598952738809
8496,4.41809916917956
8497,2.52779205653557
8498,3.46414832603942
8499,4.24723757896328
8500,3.8324359028426
8501,3.95120715817729
8502,3.5871477918964
8503,4.18512869414519
8504,3.41545132380487
8505,2.67104453976762
8506,4.1182568034026
8507,4.0490858411378
8508,3.31357181746253
8509,4.48389361652222
8510,3.71182790704631
8511,3.93742277778435
8512,4.21870519612686
8513,3.78707557579026
8514,4.32179213131766
8515,3.93791522187899
8516,3.72198214951752
8517,3.54579518392981
8518,2.85786107018649
8519,4.44951635442195
8520,4.44819037571458
8521,3.90752515558036
8522,3.51900941106557
8523,3.91377502288159
8524,3.52836355863816
8525,3.66713899743467
8526,4.63002916557975
8527,4.36359515252809
8528,3.80582962632384
8529,3.82135622325412
8530,4.33333088348286
8531,4.3538253671622
8532,4.09123145159461
8533,3.79564845821935
8534,4.42304247290554
8535,4.30880867193873
8536,4.04143831764132
8537,3.6610875930983
8538,3.77989386797083
8539,4.1938942818274
8540,4.26385103750514
8541,4.32143885622303
8542,3.63665265898111
8543,3.97421907042264
8544,3.96353473843397
8545,4.16719738115228
8546,3.95269697275747
8547,4.03726371143382
8548,4.19248002569486
8549,3.65840337456755
8550,3.91206806998611
8551,4.07568535506643
8552,4.298494826199
8553,4.35897941592413
8554,3.9928885392255
8555,4.79801318512781
8556,4.26450105171181
8557,3.69248328637176
8558,3.1029407188805
8559,4.01540377263441
8560,3.72164767751543
8561,4.16825132809977
8562,4.44172723574232
8563,3.82720850123223
8564,4.16371424519423
8565,4.73614929524258
8566,4.24115287003692
8567,4.57759511913213
8568,3.64625429258557
8569,2.05739918204826
8570,4.2197870014817
8571,4.04736152374195
8572,3.3012106292225
8573,1.99242794120753
8574,3.7852063382544
8575,4.33968892826027
8576,3.6688282054994
8577,4.13709448215716
8578,3.88796663640161
8579,4.1627443354916
8580,4.37127778161038
8581,3.97137839473814
8582,3.66020403133212
8583,4.49907261892318
8584,3.95328672107676
8585,4.13379136882886
8586,4.32229211585126
8587,3.84312273992426
8588,4.72341539472556
8589,4.56339709549238
8590,3.80478939017723
8591,4.41838732351753
8592,3.9797271475518
8593,4.04767901829592
8594,3.86350386197299
8595,2.40677689989811
8596,4.40428728565505
8597,3.85815410971859
8598,3.70740472882658
8599,4.13353236629651
8600,3.94713624856208
8601,2.69359250821088
8602,3.16095331576724
8603,3.82088383630668
8604,3.79189158964879
8605,3.73241289907598
8606,4.09648372657125
8607,3.93592711277574
8608,4.10173204605298
8609,4.4234926115391
8610,3.19861621587325
8611,4.515729506114
8612,3.65915496545877
8613,3.72532999283183
8614,3.88930559571834
8615,4.38973446982642
8616,4.35023221955861
8617,3.84080255864602
8618,3.74626748442212
8619,4.57651259055351
8620,3.68658039533893
8621,2.25890997466565
8622,4.24512358781141
8623,4.66009448932732
8624,3.30869587613076
8625,2.98543193991493
8626,4.48739342198567
8627,4.27079542988765
8628,4.59897603632123
8629,4.19931933694892
8630,4.16651589154422
8631,4.10593052990601
8632,3.31043504650106
8633,3.81234072110182
8634,3.59324993185463
8635,3.60416844523315
8636,4.01601278339883
8637,3.58725623477567
8638,4.23811312433986
8639,2.82776241311232
8640,3.00618690065963
8641,4.45045984466953
8642,2.97392425531142
8643,3.84239827715973
8644,4.76211353193481
8645,3.53379118706618
8646,3.86134482853898
8647,3.65918817875316
8648,3.97430706969201
8649,4.63438913203281
8650,4.05610574642832
8651,3.95597701189611
8652,2.4107982261394
8653,3.86823686254008
8654,4.26999438660182
8655,3.35869530187284
8656,4.14725105868952
8657,4.45050061742463
8658,2.7926059162966
8659,3.42338518583163
8660,4.21536822205397
8661,4.2307694683919
8662,4.00320476664626
8663,4.46239786634646
8664,3.06540709629084
8665,4.28092087414404
8666,4.093619521818
8667,4.59193791450682
8668,4.19208821571151
8669,3.8879963276949
8670,3.68446356907147
8671,3.74343721048704
8672,4.21352072477653
8673,3.7484309028856
8674,4.37851383346991
8675,3.29076733438736
8676,4.37067492343566
8677,3.7371273595933
8678,3.85009568897348
8679,3.87544398166106
8680,2.85950062781483
8681,3.79896361646077
8682,4.10320454409579
8683,3.88715076005594
8684,4.41300851161419
8685,3.80248293136078
8686,3.99500191129411
8687,4.361841504104
8688,4.07337868711163
8689,4.29101867089074
8690,4.16365040472517
8691,4.16586401512344
8692,4.04278750233578
8693,3.97304382012191
8694,3.2938575848844
8695,4.22678362250322
8696,3.67345088322532
8697,4.1661280533967
8698,4.23926387812433
8699,3.94721180949449
8700,4.3609590357083
8701,4.60194473665488
8702,3.88533918810228
8703,4.31945911578852
8704,4.12538617378435
8705,3.43217727676849
8706,3.33082252504388
8707,3.94484154345999
8708,4.17426721790549
8709,3.26948724544895
8710,4.16037257732512
8711,3.57899282698642
8712,4.31117360581654
8713,4.24511297208799
8714,3.83022220660651
8715,4.54446672935843
8716,3.74920173906458
8717,4.1139741569415
8718,3.41770466294052
8719,4.41642955261957
8720,3.77203951361617
8721,3.54271522563185
8722,4.13042566580468
8723,3.19813737789425
8724,4.49258159283212
8725,2.97291127856968
8726,3.85727123749142
8727,4.11341161773105
8728,3.86523955156322
8729,4.27159763777617
8730,2.95754095588613
8731,4.20529673824627
8732,4.1990029198161
8733,4.14048937663166
8734,3.79099176036452
8735,4.03000660962079
8736,3.3628582603867
8737,4.28276182218831
8738,4.01836247014216
8739,4.28092353772733
8740,3.70130595384351
8741,3.71641355609227
8742,3.89295489995537
8743,4.08789289807509
8744,3.58483545369982
8745,3.90260002163323
8746,4.2012440591564
8747,4.17265434473273
8748,5.00819092006342
8749,4.29594284127676
8750,4.34010400263129
8751,4.337515774514
8752,3.22446315555058
8753,4.20449570136052
8754,3.65449060329739
8755,4.21447155013203
8756,2.92784620556355
8757,4.22372463510244
8758,3.78610117494164
8759,4.23780885387652
8760,3.80287398473482
8761,3.99387525347768
8762,2.00391641032657
8763,4.31746559834702
8764,3.89458303223614
8765,3.99202275299958
8766,4.26588299296659
8767,4.08884482145204
8768,4.22198601783333
8769,4.08281056037286
8770,4.2880003362818
8771,4.35398378457002
8772,4.17102834367912
8773,4.10128335879005
8774,3.96417301590896
8775,4.15152357096728
8776,4.11227677478775
8777,4.25109034048318
8778,3.40838842070393
8779,3.58156900667615
8780,3.82099137067977
8781,3.30042468720851
8782,4.43507008214704
8783,4.33474339892658
8784,4.20184891912495
8785,4.26782017062806
8786,3.88735106909665
8787,3.26809789979586
8788,3.92732518390142
8789,3.74721539374814
8790,4.44086928651953
8791,2.40797304826463
8792,4.03560392887191
8793,4.39608954210199
8794,4.1932338129357
8795,4.24432809965125
8796,4.42775441820104
8797,3.81078162491353
8798,3.96599861382866
8799,4.32821966345815
8800,3.90564668699914
8801,3.92716792431259
8802,3.79470586317919
8803,3.98052040232418
8804,3.88478914889729
8805,3.66376591032666
8806,4.02535037262031
8807,3.97966767184394
8808,4.92359098631163
8809,4.197909930651
8810,4.60219516720195
8811,2.41971773598113
8812,3.9752506876037
8813,4.62464524040847
8814,3.86851094042349
8815,4.54150529520611
8816,3.68667554738489
8817,3.76112727088845
8818,3.62270525595543
8819,3.56486504649296
8820,2.49148224958274
8821,4.09991863774538
8822,3.78905716492083
8823,4.07498719788355
8824,3.96945185816252
8825,3.50993767082579
8826,3.40896370929649
8827,3.98795451183774
8828,3.81451598557317
8829,2.87524199555726
8830,3.5199894112205
8831,4.60909011791176
8832,3.58922880804523
8833,4.42465265194099
8834,3.35327343226036
8835,3.92654171700785
8836,3.49052358158363
8837,4.29319706849997
8838,4.10631200310661
8839,3.24120396666975
8840,4.21175952010031
8841,4.0789149465718
8842,4.31210543827524
8843,4.3246348363968
8844,4.03520790770679
8845,4.41519030663796
8846,4.35200644983029
8847,3.32885253441847
8848,3.84468026108903
8849,3.03460085240678
8850,2.29039760433414
8851,4.40602195783909
8852,3.24411209084872
8853,4.33072885589039
8854,3.94441069403386
8855,2.85555436246142
8856,4.12580949973092
8857,3.79339709028204
8858,3.34044814126707
8859,3.83850748931665
8860,4.05695965957516
8861,3.44117216342162
8862,3.85966111965692
8863,4.31561431180722
8864,3.78720978491883
8865,4.14223470407109
8866,4.2403038919479
8867,3.71964732190869
8868,4.28809624747976
8869,3.15939682950294
8870,4.12660215562662
8871,3.90810667005488
8872,4.39728614051663
8873,3.6065788628463
8874,3.40691231616766
8875,3.5025549964918
8876,3.58570623346783
8877,4.47669761643749
8878,4.49549201777249
8879,3.97946737982759
8880,4.33977808515016
8881,4.00003456193928
8882,3.70255712919893
8883,3.58065774936932
8884,3.82107471537807
8885,3.80962388339693
8886,3.18743226242489
8887,4.04009758525137
8888,4.48396751458958
8889,3.20083408313822
8890,4.32129886565049
8891,3.99742596462625
8892,3.39122062379271
8893,3.88719276826407
8894,3.89626564769718
8895,4.78182208342821
8896,4.29636022089698
8897,3.94491075607313
8898,3.63540038142405
8899,4.39029145420405
8900,3.58450870759946
8901,4.19960973914564
8902,3.78518099355495
8903,3.79862093019653
8904,4.10577572695722
8905,3.37250072001445
8906,3.1924148582359
8907,4.19879690567896
8908,3.16247107080453
8909,4.40892357332852
8910,4.10897580899224
8911,4.31842447346875
8912,4.62596179142767
8913,4.39260526600762
8914,5.07916795863061
8915,4.32847418330408
8916,3.50699906486048
8917,3.5091276496115
8918,4.47665241737554
8919,4.29097502789439
8920,3.75175974452859
8921,3.53008272065138
8922,4.3978808550863
8923,4.09936505017835
8924,4.00561203862067
8925,3.51196344038983
8926,4.1503081706339
8927,4.15426040673907
8928,3.27440606585804
8929,4.36643490300778
8930,4.71652485398431
8931,3.49231028571847
8932,4.23327484286123
8933,2.94155176332562
8934,3.95120764687155
8935,3.43588386031728
8936,3.68964789123609
8937,2.89453799078225
8938,3.79287566296556
8939,4.28720213897543
8940,3.79590403287649
8941,4.02331174640142
8942,3.96063884623934
8943,3.91564758697025
8944,3.53791222878954
8945,4.32219591889224
8946,4.20185502884248
8947,3.37562492188117
8948,3.89544889822392
8949,3.77738695125209
8950,4.07751156181531
8951,2.58372935891092
8952,4.42219391411626
8953,3.82694611057205
8954,3.91948417999064
8955,3.5099146587871
8956,3.54097303034406
8957,4.27578383262614
8958,4.29490757714405
8959,4.21282036946823
8960,4.2136613065925
8961,3.36073154906141
8962,4.13727179171583
8963,3.36244696773814
8964,4.37212856337485
8965,4.47893004611744
8966,3.97265683006035
8967,4.32626401935685
8968,3.75725712578524
8969,4.46197044768368
8970,4.10314294282297
8971,4.10819295074404
8972,3.78073379523413
8973,2.97594108793317
8974,4.1482478451099
8975,4.06039901412035
8976,4.20952650847502
8977,4.20887821139998
8978,3.96257268294462
8979,4.5083654784809
8980,3.67981876053553
8981,4.23740917934068
8982,2.9703037320236
8983,4.23488779757944
8984,4.0884659210815
8985,4.10218320311309
8986,4.283174646038
8987,3.72142212407856
8988,4.15333027624403
8989,4.22431848046473
8990,3.8068466042471
8991,4.16465266904256
8992,3.68917375276141
8993,3.0897501162485
8994,3.76797742569899
8995,4.08713678025408
8996,3.72095035752155
8997,3.63824080002269
8998,4.0088528385981
8999,4.1866017486619
9000,3.9431964856519
9001,4.26513957638401
9002,4.66004933976078
9003,4.24451115382421
9004,2.93750902545346
9005,4.06187024772746
9006,4.21666968302773
9007,3.52929508568003
9008,3.56815570067613
9009,3.79607057586513
9010,4.15745575011333
9011,4.57414482184795
9012,4.22214908828331
9013,3.67060699139495
9014,3.72993626429549
9015,3.88618747293452
9016,4.29389144031626
9017,4.22405670467248
9018,3.93656600346943
9019,4.02738965954524
9020,4.06057262496112
9021,4.10825710719908
9022,4.56470856925301
9023,2.78712530920104
9024,4.12344748557047
9025,3.61313992617227
9026,4.40929986893546
9027,3.62088675110597
9028,4.10855299387958
9029,3.0970628928449
9030,3.96153909879311
9031,4.21350877803189
9032,4.48505484705008
9033,3.74154820084182
9034,4.47261685240935
9035,4.15489459303682
9036,2.80230015805315
9037,4.31591211118545
9038,4.03306722721326
9039,2.36437630558349
9040,3.90404816273571
9041,4.07145102876315
9042,3.51763735259602
9043,4.20256143515801
9044,3.94206184252243
9045,3.55330059183967
9046,3.35141212797037
9047,2.24556058307819
9048,4.3119525359381
9049,4.18474837961509
9050,4.17893797322027
9051,3.97203661306095
9052,3.88486721554627
9053,3.80615429479578
9054,2.72876070586196
9055,3.64882562696129
9056,3.76582578169866
9057,4.55429175118966
9058,4.01398432180679
9059,4.0654655983295
9060,4.07783673376888
9061,3.99531650892914
9062,3.62684515651585
9063,3.95497205156533
9064,4.20726943094887
9065,4.37898928546
9066,3.30137262540492
9067,3.86686031386973
9068,4.01294179051253
9069,3.60166867297959
9070,4.2664685798893
9071,3.74989918718231
9072,4.0330149235065
9073,4.39296262664109
9074,3.95702448484849
9075,3.40386370784601
9076,3.99003501260888
9077,4.31168814622842
9078,3.84956390377194
9079,4.28739177196959
9080,3.46827512431283
9081,4.19711023527464
9082,3.61082280467598
9083,4.21524605804315
9084,4.1781580746702
9085,4.20478237270844
9086,4.01169591695199
9087,4.63389862544803
9088,3.56793797906717
9089,4.40548721108681
9090,4.02390841567391
9091,3.1529053389645
9092,3.85205357949818
9093,4.37418581885865
9094,3.86344830943189
9095,4.29193280774203
9096,4.25766702063611
9097,3.2667861059624
9098,3.72524127278289
9099,3.28142393140963
9100,4.40363771944365
9101,4.09507203827937
9102,4.19501288070222
9103,4.21117190358505
9104,3.53208730973285
9105,3.63285896522399
9106,3.91979094176416
9107,4.25972681231681
9108,4.44498771372922
9109,4.41643504697489
9110,4.05862469341546
9111,4.41094605555752
9112,3.96475619575442
9113,4.32738898491718
9114,3.87259841417631
9115,3.77629327860301
9116,4.20733495058599
9117,3.9332921929464
9118,4.4717469459027
9119,4.37263596556493
9120,4.05605851125856
9121,3.74555682851746
9122,4.07031391150293
9123,3.60596213275404
9124,3.63974965501923
9125,3.86655196194223
9126,3.52385593067671
9127,4.27562094600626
9128,4.16001485408773
9129,3.75456922198622
9130,2.83279964677494
9131,4.20660441947687
9132,3.51479114724764
9133,3.75831206093893
9134,3.82444749356346
9135,4.10792867900382
9136,4.29877727291522
9137,4.20142178965353
9138,4.10213189483961
9139,3.07949405534938
9140,4.89470756008807
9141,3.86194033492852
9142,4.33533455643729
9143,2.64107602553512
9144,4.25639726983874
9145,4.26344468076257
9146,4.15437079693702
9147,2.17703787208524
9148,3.44877630324554
9149,4.28474593452056
9150,4.15417203877958
9151,4.41426629371095
9152,4.11449424647537
9153,4.48041842342264
9154,4.15890411833658
9155,4.38503859287027
9156,4.28073616685903
9157,4.18173266744744
9158,3.78397841428303
9159,3.82279567982555
9160,2.27442071320907
9161,3.37828463756553
9162,4.13864603517266
9163,4.49907967595873
9164,4.18921195847702
9165,4.23762300220665
9166,4.05401983270137
9167,3.66820903299861
9168,4.27751080289702
9169,4.17641288076247
9170,4.20564398762606
9171,3.08326027631591
9172,4.29179038746492
9173,4.51785302635979
9174,3.95341454164325
9175,4.4035522815138
9176,3.80723623615754
9177,4.25493572694497
9178,3.26386269947697
9179,3.85979392333899
9180,3.88272940574328
9181,4.05983086211214
9182,2.07511063854733
9183,4.47877169314678
9184,3.83918004569067
9185,3.74285097387364
9186,4.1414465756657
9187,3.97204981192743
9188,3.60724964188548
9189,4.21762006210999
9190,1.94381182115404
9191,4.27853718737794
9192,4.17411160179929
9193,4.26138976935837
9194,4.42067055750469
9195,4.14836987590358
9196,3.71981114563774
9197,4.25314914041616
9198,4.03752061528822
9199,4.60076681583345
9200,3.69238945073248
9201,3.70296809345925
9202,3.84453335522057
9203,3.54614019674121
9204,4.38366927738686
9205,4.14767859918292
9206,4.44603296960988
9207,3.54452169786038
9208,4.2301770131516
9209,3.99729093882912
9210,4.48392625744352
9211,3.21229328875876
9212,4.71667668856769
9213,3.88609597714547
9214,4.13922018118575
9215,4.06264463471147
9216,3.92341377216669
9217,3.58977222276114
9218,4.59131867890435
9219,4.38389296692749
9220,4.09753262794437
9221,4.35266360689831
9222,3.42912003616348
9223,3.97089125473763
9224,3.34254450515915
9225,3.60439361231673
9226,4.17864938387136
9227,1.72540464433689
9228,4.10079779530013
9229,3.67599822467969
9230,4.19095437197995
9231,3.70147321492716
9232,3.91568483054553
9233,4.50579639355928
9234,4.12160243332148
9235,2.99513325716225
9236,4.21928557908956
9237,4.01193659163603
9238,3.97323240072146
9239,3.82311045314196
9240,4.12646606104441
9241,4.71448285678539
9242,4.24455508863748
9243,4.30483787734663
9244,3.68148561051974
9245,3.23952898830364
9246,4.46057035319678
9247,4.01312503040424
9248,4.74722309815591
9249,4.46065878358671
9250,4.3551755411008
9251,3.24559395394015
9252,4.84521966062325
9253,3.75724701720282
9254,3.92705718535345
9255,4.27344612593724
9256,4.38253143268487
9257,3.83225205582523
9258,3.9900213648529
9259,4.15219125536045
9260,3.90872659452837
9261,4.19058568589932
9262,3.58987859524428
9263,3.3741980958006
9264,3.26312168004282
9265,4.29908287201129
9266,3.72103103655561
9267,3.78421003364051
9268,4.18517571741426
9269,4.16691577560003
9270,4.69200748069298
9271,5.19385453023602
9272,4.1528361950143
9273,3.32806176722479
9274,2.81161596832603
9275,4.31541911555725
9276,4.29102024976617
9277,3.8350307386795
9278,3.40622277326385
9279,4.29386684018727
9280,3.10101722585029
9281,4.2111247907362
9282,4.42597553887676
9283,3.99015926012629
9284,4.45516286172853
9285,3.84572066027786
9286,3.65496524227025
9287,4.42308097337875
9288,1.39772056125418
9289,3.98706109338848
9290,3.88823765812096
9291,4.44561340058353
9292,3.35308360931732
9293,3.66235555760415
9294,3.90799508976812
9295,2.63441826550628
9296,4.51355686272437
9297,4.16265132370159
9298,3.86509826589287
9299,3.10076286947664
9300,3.42329204551816
9301,4.45913284987615
9302,4.2089356614111
9303,4.38289437857394
9304,3.21922082458545
9305,4.13968771717196
9306,4.32456473585905
9307,4.0149980293019
9308,4.41921007056834
9309,4.25626846502626
9310,3.1026457821524
9311,4.57732862006043
9312,2.53481946122895
9313,4.86409357229157
9314,3.92798758325538
9315,3.30114788111942
9316,3.98125313035202
9317,3.77135007904273
9318,3.73569872699616
9319,4.03364557628358
9320,3.40165580887556
9321,4.25961880104739
9322,4.05861303636047
9323,4.00616233578774
9324,3.35310031953361
9325,3.5084017428086
9326,3.76889216064468
9327,4.66269237027941
9328,2.65224047788622
9329,4.16068433386582
9330,3.60518092481126
9331,3.93884267902815
9332,3.98578296314168
9333,4.21009713739564
9334,3.5806796417043
9335,3.90086873918838
9336,3.6005779496648
9337,4.18969199624536
9338,4.16359389411607
9339,4.37736045642352
9340,4.23045402458433
9341,2.5377814225377
9342,4.07510242046272
9343,3.4850757600163
9344,3.69013146244272
9345,3.47182323640199
9346,3.58727007040313
9347,3.61876413824019
9348,3.61092022816499
9349,3.64907186820226
9350,3.69937697442944
9351,4.16568282052279
9352,4.10496563401418
9353,2.87142922992027
9354,4.02984378976957
9355,4.18061943551264
9356,3.95257194363223
9357,4.350737905345
9358,4.08662761685848
9359,3.43999788676427
9360,2.54673894196664
9361,3.97773975412834
9362,4.12674305953418
9363,4.22124221477309
9364,3.16120338598543
9365,2.8970621782002
9366,4.30253526264068
9367,4.13689676873937
9368,4.69948470289994
9369,4.4261880456343
9370,4.27484635753708
9371,3.89059918083752
9372,4.32994280312316
9373,3.88093986487714
9374,3.63948066944211
9375,4.10587789242795
9376,4.02475416755847
9377,3.77185530150107
9378,3.81048583353579
9379,4.40753152579976
9380,4.05980917954032
9381,4.18339964764756
9382,4.60403720496709
9383,3.30721905344035
9384,4.22036599822329
9385,4.00353744664076
9386,4.32327092800929
9387,4.59630545746371
9388,4.38232818311208
9389,4.26547757116494
9390,3.8121976423722
9391,2.47868195193193
9392,3.62643495697597
9393,4.39157398527671
9394,4.39785910901139
9395,3.73898252658903
9396,3.53279065118528
9397,4.27697282359245
9398,3.55665669563948
9399,3.68460561346543
9400,3.98019785437256
9401,4.00988415868598
9402,4.02074286706839
9403,4.51087942531908
9404,3.66566527679514
9405,4.22988021410832
9406,3.89914067859937
9407,2.64479351503229
9408,4.35905183469765
9409,4.14378100362973
9410,4.11032275255261
9411,4.22015821224895
9412,3.35352541292117
9413,4.24025381653814
9414,4.12770591179818
9415,3.83621399820026
9416,3.4204625036435
9417,3.83278928312559
9418,4.40348563349245
9419,3.24565269555858
9420,3.90193089943035
9421,4.61325429252118
9422,4.07869355102861
9423,3.42566246147423
9424,3.02824549037843
9425,3.73761273824243
9426,3.99221103218831
9427,4.0446992437768
9428,3.95785567913336
9429,3.57671049723452
9430,3.28619726782147
9431,3.29044124150277
9432,3.77258168284895
9433,4.02213168856023
9434,3.53855409273026
9435,3.67454536561916
9436,4.07404652685202
9437,3.06060493698246
9438,3.83785075109583
9439,3.68397238283259
9440,3.48004494595026
9441,4.25308149697679
9442,3.40812008217432
9443,4.2448975769231
9444,4.23903251730971
9445,4.46825877821606
9446,4.54354046674732
9447,3.93861604589023
9448,4.20424058310724
9449,4.16945513547034
9450,3.01848373898937
9451,4.45835209715623
9452,4.56437870519928
9453,3.82782293052088
9454,4.02411988009402
9455,3.95544071833289
9456,3.80304102118103
9457,4.33342528647971
9458,3.77093821064678
9459,3.9286694770952
9460,4.08528909724966
9461,3.50641416161027
9462,3.53412036507193
9463,4.03210505394911
9464,3.49922769069212
9465,4.04968198105994
9466,4.23294738628869
9467,3.82888089881589
9468,4.18777763071086
9469,4.01937029216122
9470,3.89581723931472
9471,3.2712617182796
9472,4.14374068284348
9473,3.46860505780384
9474,4.31238792412613
9475,3.95690403076398
9476,4.45749605677468
9477,4.57599015515773
9478,3.09705861313637
9479,3.80184972443336
9480,4.15996097858281
9481,2.44377481916635
9482,4.3353242207035
9483,4.05081498692612
9484,4.52888341763716
9485,3.98420422919893
9486,4.25010775532964
9487,3.01450027925661
9488,4.15583074548374
9489,4.0164346319442
9490,4.41132585160562
9491,4.23618243592799
9492,4.17270623682149
9493,3.90417864937789
9494,3.03313336711951
9495,4.44814086455202
9496,3.7338209323521
9497,3.76653377810434
9498,4.33673607346012
9499,2.70768086407865
9500,3.60977726227346
9501,4.05533582272959
9502,4.24523283426574
9503,4.07117899975724
9504,3.83236993272473
9505,4.35277764478126
9506,3.58230930360577
9507,4.05780071433445
9508,3.80772188019839
9509,4.08722804394207
9510,4.53069528016724
9511,3.99202007013619
9512,4.00981816579342
9513,3.68889767563565
9514,3.92135610737193
9515,3.99081027367791
9516,4.33124677939201
9517,2.70444882551377
9518,3.72798615570724
9519,4.02574939136269
9520,4.08031485758332
9521,4.04097257943387
9522,3.87253865242317
9523,3.64916157262555
9524,3.54062465337081
9525,2.27270027162553
9526,3.64096403192683
9527,2.9730443681929
9528,3.38625793818716
9529,3.92947191598599
9530,4.3527491610241
9531,4.54433475913013
9532,3.44628939848716
9533,3.63164544834948
9534,2.6388639177276
9535,2.7914627409967
9536,4.3535609641888
9537,3.75234879740972
9538,4.34324008727539
9539,3.64802305880988
9540,2.89580639864928
9541,3.07723174742537
9542,4.2623055521184
9543,3.96055972167796
9544,3.27395655650776
9545,3.99562335941036
9546,4.10060430582351
9547,3.86378935398325
9548,4.32095684137674
9549,3.32824132442666
9550,4.29971793273938
9551,3.64916743360202
9552,4.10940002338835
9553,4.52757465166475
9554,3.99303488970769
9555,4.12757018349146
9556,3.5462355707824
9557,2.15961097796094
9558,3.60411795242769
9559,4.30244075318745
9560,3.85784500775002
9561,4.43439743329023
9562,4.28190792920052
9563,4.0161466479794
9564,3.83021756830797
9565,4.31048735654116
9566,4.33065205287499
9567,3.44296102678469
9568,4.60787530106037
9569,4.37283172199595
9570,3.8975642592657
9571,4.23904115655693
9572,3.66914280919091
9573,4.16931255799061
9574,4.19086877566279
9575,4.16850690051908
9576,4.3879569604898
9577,4.20723481168005
9578,4.10185107842729
9579,3.9556830808854
9580,4.65681502495991
9581,4.2668478171518
9582,3.53473966485008
9583,4.34015574935719
9584,3.2981114565279
9585,4.36590552514461
9586,3.58505996154263
9587,3.72286196281481
9588,3.3448066032195
9589,4.19453863370311
9590,4.45994948462889
9591,3.19510941327715
9592,3.67419930867046
9593,3.78422885669312
9594,4.11669370407193
9595,3.95563684291561
9596,3.97329399841605
9597,4.33971543299042
9598,4.1892228099326
9599,3.00982157301387
9600,4.38974187088334
9601,4.32865314667396
9602,4.41437118938278
9603,4.61576351093951
9604,2.8665730832582
9605,3.79950294650552
9606,4.45894195728047
9607,3.55123821615486
9608,3.9062728732144
9609,4.25888230772186
9610,3.79914127354263
9611,3.53806550358026
9612,3.92507345253159
9613,4.16084532051666
9614,4.1607636662348
9615,4.16358350089303
9616,4.05814904730032
9617,3.86315875579338
9618,4.07455143677543
9619,3.92209094439948
9620,4.15376318990779
9621,3.70366646229738
9622,3.33679112708279
9623,4.20640231132869
9624,4.20742486838421
9625,4.0263114849397
9626,4.48598416903857
9627,4.2711472627376
9628,4.03821641912023
9629,3.61488986927552
9630,3.82728072303355
9631,4.50526445683603
9632,3.98483124953259
9633,4.64431572694549
9634,3.83429164775086
9635,1.93389665147305
9636,3.75405877311875
9637,3.02997197633443
9638,3.90019436017174
9639,4.37157074983709
9640,4.13898324557923
9641,4.51506417297225
9642,3.82630650717059
9643,3.80602736335608
9644,4.10616326510221
9645,3.71778949592819
9646,4.58141681026703
9647,3.59431023805306
9648,4.22955274527248
9649,4.75259434755681
9650,3.78874665278513
9651,3.99769375307942
9652,4.12484423167083
9653,4.08868283049022
9654,4.1738182120483
9655,4.04749340652778
9656,3.80786807841503
9657,4.28057125282245
9658,4.06071336358846
9659,3.80432369628218
9660,4.21255625619418
9661,4.16193897897272
9662,4.24949814806703
9663,4.50315288969562
9664,4.51024734999195
9665,4.25632229250022
9666,4.02878444293453
9667,3.96157843671871
9668,4.16279450100356
9669,4.17476368424939
9670,3.70421878261068
9671,3.70623779185397
9672,3.51991601028048
9673,4.51183972827624
9674,3.08764439538403
9675,3.87423542449078
9676,4.16258196260941
9677,2.50644353906365
9678,4.34413975083353
9679,4.17439919734223
9680,4.15520780719348
9681,4.31113592559701
9682,4.09633063540546
9683,4.56250630226167
9684,5.08548057744248
9685,4.48866700718359
9686,3.82710740242581
9687,3.63790279069585
9688,4.44237320082867
9689,3.93144202791321
9690,3.01912429916303
9691,4.24741091241848
9692,3.86908039301043
9693,4.14403470034903
9694,3.96396382117757
9695,3.5343188623773
9696,3.72107563383038
9697,4.47827492048908
9698,4.0651795563989
9699,4.21746715739103
9700,4.49848449830914
9701,3.83220647133385
9702,4.02887834653397
9703,3.14930121688545
9704,1.94329098508392
9705,4.67709543878468
9706,4.07573999749642
9707,4.13837666359003
9708,3.83473837835209
9709,3.81698012749752
9710,4.38255621926292
9711,4.56559054400021
9712,3.08322669536942
9713,4.19688858839963
9714,3.95096352654504
9715,3.8123869720063
9716,4.12001705903
9717,4.14832327452894
9718,3.76915476253324
9719,4.38081794041869
9720,4.09217321144815
9721,4.18609153651875
9722,4.05584988166131
9723,3.46417939853507
9724,4.26380227939147
9725,3.60204902167948
9726,2.0322513502462
9727,3.00900881004458
9728,3.07117348249299
9729,2.98362266129015
9730,4.18788181966298
9731,4.10033248023669
9732,3.95861378809698
9733,3.96104162462463
9734,3.93598791013095
9735,3.95793503082074
9736,4.07928077366042
9737,3.75479059540169
9738,4.17120557266503
9739,3.68967140582757
9740,4.60571418579367
9741,3.80044421945999
9742,3.60502992502835
9743,3.49840867679418
9744,3.95701207751142
9745,3.9227131735637
9746,3.80125078693547
9747,3.93405639401023
9748,4.31731027874442
9749,4.66239297801794
9750,2.99319215418844
9751,4.38151687577418
9752,4.34035315154152
9753,3.77085798633461
9754,4.58477753375503
9755,3.81067150829528
9756,4.34181518151659
9757,4.37086586828435
9758,3.8052212270944
9759,4.27986239357525
9760,3.83469670783581
9761,4.1353609618989
9762,4.57975092709452
9763,4.67756137637461
9764,3.99554154348376
9765,4.13388057158797
9766,3.35681250625349
9767,4.00045348095279
9768,4.09929741676426
9769,3.79293613876651
9770,4.32693863177137
9771,4.05791362191853
9772,3.75443744426466
9773,3.40723784561764
9774,3.31872342115887
9775,3.39795760262529
9776,4.1842795478411
9777,4.00389363600431
9778,3.95185526052281
9779,4.31019842449058
9780,3.5937598128383
9781,4.04059947788211
9782,3.61991242788235
9783,4.15480405723361
9784,3.99072975932552
9785,3.87580626161966
9786,3.35127337554344
9787,3.85484336017516
9788,3.39436387888159
9789,4.46750805271309
9790,4.57765373432363
9791,3.82247650455489
9792,4.10375040875432
9793,2.83674882432489
9794,4.05326834452408
9795,4.35755131066648
9796,3.66005536734165
9797,3.99549238467908
9798,4.22375624822198
9799,4.02145851167705
9800,3.75439012513802
9801,3.97534982983402
9802,4.44970458370003
9803,3.83719615528609
9804,4.37383220811207
9805,3.82164873609737
9806,4.73392900583855
9807,4.31390575593147
9808,4.03029951279907
9809,4.36224404614433
9810,4.22405088452454
9811,3.9459614493966
9812,4.39027617798554
9813,4.19761720982885
9814,3.47545508919052
9815,3.83985383500567
9816,3.99222432207033
9817,3.86382577811954
9818,4.07209433254144
9819,4.31673433626228
9820,3.65454552489866
9821,3.81185815643591
9822,3.90926280507774
9823,3.37146292431502
9824,3.61239860719539
9825,4.39564528642991
9826,4.07189073408211
9827,4.08859150309212
9828,4.17090329081037
9829,4.15687122011318
9830,3.07281666973512
9831,4.38290880198113
9832,4.03872178015003
9833,3.97510950859167
9834,4.77561765256028
9835,4.35502896455109
9836,4.17851181208431
9837,3.98956822289878
9838,4.36105403444525
9839,2.97671702945697
9840,4.36977451285676
9841,3.45229760582458
9842,4.05477002603104
9843,4.28258374660595
9844,4.2529759782614
9845,4.4881318027401
9846,3.79217726421283
9847,3.41210418293563
9848,4.14065661558447
9849,4.10063836325192
9850,4.53054360179205
9851,4.54427774196893
9852,4.36107269257921
9853,3.24839861941815
9854,3.08767190074272
9855,4.00897806541928
9856,3.87028734810886
9857,4.39167996209817
9858,3.7374764993838
9859,4.36825559424871
9860,3.79903212702445
9861,4.32192373204296
9862,4.27447989141937
9863,4.0701548356849
9864,4.19331483345421
9865,4.04461090154588
9866,3.23601355819827
9867,3.86371164103726
9868,3.55886634217596
9869,4.19559086261483
9870,4.13032432962829
9871,4.01710082207521
9872,4.198993948971
9873,3.85614724399845
9874,4.42479875424448
9875,4.45657002465248
9876,3.72744357636422
9877,4.28195475695113
9878,4.25651613321115
9879,3.82950577247653
9880,4.14017325579876
9881,4.25419135871377
9882,3.76601253090598
9883,3.74609597383045
9884,4.15764649151763
9885,4.01295015301081
9886,3.7337267681261
9887,4.32057538315277
9888,4.31487924859566
9889,3.93750218151337
9890,4.60331496705158
9891,3.42380011204863
9892,4.13181725541038
9893,4.51011498374451
9894,4.23286350650435
9895,4.11330800327201
9896,3.79515947961586
9897,3.58116694840504
9898,3.4257994680175
9899,4.2399981764964
9900,3.71291643754469
9901,3.48082446322918
9902,2.97597553835306
9903,4.14393280506317
9904,2.8858067571752
9905,4.33770666250915
9906,3.94577356276778
9907,4.21960768309186
9908,4.21764681402705
9909,4.10886968500837
9910,4.64732527472456
9911,3.28862881350359
9912,4.48655019698756
9913,4.39236116377764
9914,3.67144397811675
9915,4.6986273858269
9916,4.31012023649506
9917,2.93630907015179
9918,4.16031205968224
9919,4.24957490962059
9920,3.9317474182666
9921,4.30902089644551
9922,3.72218615705018
9923,4.30779127033952
9924,3.70279607234937
9925,3.86752845977678
9926,3.68352769319687
9927,4.24866283024654
9928,3.69744733850243
9929,4.22403221884464
9930,3.74848845331729
9931,4.15366525388655
9932,3.98067777065068
9933,3.77219011768015
9934,2.91484369322232
9935,2.08131434175594
9936,4.09092211759165
9937,4.8854924131514
9938,4.66060914412755
9939,3.8694846043854
9940,4.53406381471321
9941,3.34797329794826
9942,3.94779375982289
9943,4.16308714094599
9944,3.60933495788512
9945,4.55925277474739
9946,2.46252786104609
9947,4.04215968388223
9948,2.7936194853127
9949,4.35321695671127
9950,3.71398001688037
9951,3.84373409683131
9952,4.29369453236326
9953,4.26856534027099
9954,2.6892685202231
9955,4.40846261390933
9956,4.64716082099752
9957,4.40155240166661
9958,3.97000854854054
9959,4.51033483277441
9960,3.6475647068554
9961,4.51286569305633
9962,4.21902950360864
9963,2.53549879901751
9964,4.25757875375758
9965,3.93646424197809
9966,3.77339643104405
9967,4.34955672428034
9968,3.88886438442352
9969,4.53332869609163
9970,2.72876045447048
9971,4.17548508678791
9972,4.37968040200907
9973,3.39107887710535
9974,3.81343560705575
9975,4.27803148479688
9976,3.28165298670677
9977,4.39351741745312
9978,3.01871449022068
9979,4.05938606850398
9980,4.39781902345948
9981,4.08679084302672
9982,4.26263493843329
9983,4.03822231313016
9984,3.7389652013434
9985,4.21341145771297
9986,3.93568924860681
9987,4.34723994787775
9988,3.63378684086509
9989,2.91872681427052
9990,4.40537787496247
9991,3.73523012092494
9992,3.86231853159506
9993,3.90289444899797
9994,3.64043303179634
9995,3.89822369637037
9996,4.29920813028456
9997,4.24275269797499
9998,4.2322713640053
9999,3.76155654331222
10000,4.60049510322415
10001,4.39064192098628
10002,4.25797370132415
10003,3.96175563221479
10004,4.13794010988243
10005,3.56548747744564
10006,4.19347141570571
10007,2.06198686034315
10008,4.39899681821013
10009,4.36748840635401
10010,4.10416409739077
10011,3.8961872643455
10012,4.18664288724191
10013,3.80507430166543
10014,3.8419068281047
10015,4.27693327704416
10016,3.75691382700978
10017,3.84784599825805
10018,2.98276286208377
10019,3.12651888600064
10020,3.55138230754619
10021,4.4324027527161
10022,4.49189874969479
10023,4.08870049770244
10024,3.34050679391912
10025,3.75369559592074
10026,4.34000033438727
10027,3.86268683285661
10028,3.91056884560903
10029,4.57794957541077
10030,3.66284247723233
10031,3.6281403657821
10032,3.69454333866726
10033,3.65453121492895
10034,4.4649874204728
10035,3.94319844090732
10036,4.06941977138553
10037,4.3875532943178
10038,3.53833347684939
10039,4.23737194157242
10040,4.24042380719973
10041,4.63516478651549
10042,4.20902363698044
10043,4.35288822172195
10044,4.18267696388935
10045,4.25949054819085
10046,4.691789651608
10047,3.65567792691222
10048,4.14734507466551
10049,4.25806814243797
10050,2.90396672742478
10051,4.50527009310221
10052,4.26234977104851
10053,4.4353655543724
10054,2.4788391416757
10055,3.45598018278363
10056,4.37620623908546
10057,3.94675611985187
10058,4.45636991844387
10059,3.31050878416612
10060,4.06475426484422
10061,4.08534211439365
10062,4.09380055951415
10063,4.10857480279345
10064,3.7587052045172
10065,3.4241352609393
10066,3.97468498678483
10067,3.95697317288872
10068,3.76128045724988
10069,3.51959922705777
10070,4.0718185083195
10071,4.2547866743231
10072,3.70845034231502
10073,4.09064642671887
10074,4.22009430133997
10075,3.76419622145219
10076,3.84113701068778
10077,4.2095919994367
10078,3.81263948879129
10079,4.10156361852781
10080,3.90355199726252
10081,3.96151530871079
10082,4.33724031737656
10083,4.1069887587573
10084,3.39476403820657
10085,3.98496570505429
10086,4.37145514813328
10087,4.33704181306637
10088,4.18508147416205
10089,2.61909147361217
10090,3.90069268914904
10091,4.48381277768031
10092,4.06431866338254
10093,4.00255403283392
10094,4.29494494762627
10095,4.15578366054895
10096,3.75851855759937
10097,4.08876547407705
10098,4.44098614211886
10099,3.75787045207918
10100,3.22119055428974
10101,3.51385047312631
10102,4.60919134508135
10103,3.86100573950931
10104,4.04140948987868
10105,4.13952960848575
10106,4.1502715459176
10107,3.57096230573164
10108,4.19448147656353
10109,3.67963124173905
10110,4.19634872454768
10111,4.28649232154561
10112,4.30577264600123
10113,3.91890377243152
10114,2.27480038916346
10115,4.37490956315811
10116,3.28940028386023
10117,4.44763456236873
10118,3.90849067978695
10119,3.44254104993234
10120,3.41123925447769
10121,4.27887056499971
10122,4.09691286547642
10123,3.95389838998063
10124,4.06224835464212
10125,3.27013477830844
10126,3.7379548077795
10127,3.92090417876358
10128,3.42080268244369
10129,4.13002415153039
10130,3.96532894346852
10131,4.24122300967134
10132,4.10760932573777
10133,3.49307270953005
10134,3.05328936296276
10135,3.90593491387165
10136,4.39872609415671
10137,2.81267773076223
10138,3.95764490250109
10139,4.0021453867877
10140,4.66138406002007
10141,3.76174830151549
10142,3.20764612397799
10143,4.47310713396256
10144,3.75977501189547
10145,4.15550716635605
10146,4.01238707164461
10147,4.36480489242139
10148,4.21098138791489
10149,4.21863890657987
10150,3.64707815604749
10151,4.61732858055531
10152,4.27581132398849
10153,3.22292427923568
10154,4.28656270232498
10155,3.41269992789766
10156,3.88285266616269
10157,3.81893598947758
10158,4.19999748365172
10159,3.98618301872779
10160,1.50439884879082
10161,4.15629370935126
10162,4.25665990703062
10163,4.16082469658333
10164,2.70483393632659
10165,4.5348523259216
10166,3.61794125061057
10167,3.56044839380914
10168,3.57513172017749
10169,3.63840414744893
10170,3.47185761668906
10171,3.81412084740639
10172,4.01974717839908
10173,4.38727077593122
10174,4.03232210550265
10175,4.1036205165287
10176,3.43288696641106
10177,4.28559509170903
10178,3.70722136478642
10179,3.56006067809073
10180,4.11572172659258
10181,3.77630676926651
10182,4.21282400887912
10183,3.48548065587624
10184,4.1468333551855
10185,4.50349187234433
10186,4.41252036800189
10187,3.91908945468536
10188,3.92663937897046
10189,3.27305545147414
10190,4.40951484914796
10191,3.78804911351737
10192,3.72068963295938
10193,4.13567951623372
10194,4.31000432779318
10195,4.32014864881787
10196,4.22091830336468
10197,4.37459976497798
10198,3.68019223151826
10199,3.987428818587
10200,4.47678790339984
10201,4.39052217101617
10202,4.05556227226564
10203,4.08058377742595
10204,4.22075405709872
10205,4.26888523025532
10206,3.60630721697619
10207,4.18450195983869
10208,4.30033969051898
10209,3.26390363517197
10210,3.48967858577907
10211,3.97161805221568
10212,4.27674902186028
10213,4.19267115290992
10214,4.21833964965416
10215,4.1255787443051
10216,3.5987106304586
10217,4.2944086136684
10218,4.46288374253856
10219,4.0339929886662
10220,4.24836551602307
10221,3.77215011871588
10222,4.26235353890964
10223,3.86565889822385
10224,3.84117940314638
10225,4.01997933753978
10226,3.71454914935134
10227,3.81624253533308
10228,3.30893457010772
10229,3.96529955058293
10230,4.05383506038079
10231,3.66440270027283
10232,4.40558415009238
10233,3.78082626851199
10234,4.43879161448696
10235,3.08904068066037
10236,4.59900931300745
10237,3.69131513829775
10238,4.06712041013827
10239,4.19782885809065
10240,2.80988660131402
10241,4.71358746083573
10242,3.91860590219437
10243,3.74453844123532
10244,3.98303971892358
10245,4.36875697851444
10246,4.40588187115379
10247,4.46976443376341
10248,3.64909279690317
10249,4.30447584336277
10250,3.89102583271395
10251,3.83788439855282
10252,4.51411367594268
10253,4.44499703926821
10254,4.08239485229596
10255,4.38355315706933
10256,3.85769249848759
10257,4.11778544402302
10258,4.43144432225941
10259,4.12673407848953
10260,4.04474290832224
10261,3.40262877979861
10262,3.90585450072934
10263,3.15550307769738
10264,4.142339422337
10265,3.78937462447509
10266,4.10743574088964
10267,3.79565296919406
10268,3.86067617200139
10269,4.38850034008977
10270,3.24497367213783
10271,2.77178452258909
10272,4.3325889487281
10273,4.47918045241748
10274,3.87119348305512
10275,3.56557439500511
10276,4.3361989380153
10277,4.58339272573695
10278,4.44204238776567
10279,4.22580463166745
10280,4.28872652457233
10281,4.45999938069233
10282,3.67740686692226
10283,3.75231792601292
10284,4.17061333045
10285,4.53504420199827
10286,4.38933062622919
10287,3.24500068779531
10288,3.79812018219991
10289,4.44502759670143
10290,3.74969072098469
10291,3.8859001751084
10292,4.11369461739596
10293,3.80067272379368
10294,3.98687707674172
10295,4.55894954491204
10296,4.64311695485409
10297,3.92236804370397
10298,3.76684143730041
10299,4.25386684471919
10300,4.53791627332346
10301,4.24258563682955
10302,4.20969843618728
10303,3.58971576356643
10304,4.12429505784333
10305,4.336599865605
10306,3.72317159365071
10307,4.28411276859609
10308,4.35942902200186
10309,4.10801848267559
10310,2.80081999001241
10311,3.87161888374554
10312,3.31616780837272
10313,4.04561626555831
10314,4.45355515444382
10315,4.11188982614699
10316,3.91181631463611
10317,4.0732974968657
10318,3.68395747246372
10319,4.14156061645743
10320,4.03656097106083
10321,4.17495454829889
10322,4.29471096102762
10323,4.06450687047306
10324,4.34061132497328
10325,3.91041711259443
10326,3.55836140906198
10327,3.89979279059373
10328,3.95604648420767
10329,3.368193560662
10330,3.72263224785747
10331,4.21754368309702
10332,4.42325896446416
10333,4.33880485654551
10334,4.02318183196268
10335,4.34305902621878
10336,4.27553208696786
10337,4.35027458640946
10338,3.11203578640897
10339,4.44348737420234
10340,4.27186448155874
10341,4.4016359437449
10342,4.28974448440194
10343,4.48668493597674
10344,3.27790279325283
10345,2.8835570658524
10346,3.9733237126056
10347,4.19013553505062
10348,3.52019187908576
10349,3.92049119422764
10350,3.40634055378643
10351,3.56715589475847
10352,3.82359985313661
10353,3.43769067346396
10354,4.43008335009253
10355,3.94402055041872
10356,2.96148490733618
10357,3.99177755756741
10358,4.41800771774549
10359,2.8412460054155
10360,4.08671978211455
10361,4.24085257437629
10362,3.47909623863189
10363,3.92435367642018
10364,4.1633853830264
10365,3.64073365780167
10366,3.16722364981033
10367,3.51635796715551
10368,3.38448562695797
10369,3.66626241958887
10370,4.47244653435668
10371,3.56340357505715
10372,4.23824160298744
10373,4.3180834232951
10374,3.37481984114704
10375,3.9891594822449
10376,3.92861686480791
10377,4.253262236114
10378,3.26084505877385
10379,4.0852618041776
10380,4.07819532135205
10381,4.47477743407499
10382,4.2465865875439
10383,4.23933105848505
10384,3.93385563771405
10385,4.12979361675612
10386,3.26357930568397
10387,4.62112503315478
10388,3.81287969061723
10389,4.41513329236222
10390,2.93461471255432
10391,2.33309333267416
10392,3.78978582763778
10393,4.27627861264258
10394,4.40198617756099
10395,3.60351537699562
10396,4.22407144279352
10397,4.21765557349534
10398,2.24585927571103
10399,3.48587517517946
10400,4.11096025921907
10401,4.58808973487842
10402,4.36482728902614
10403,4.45473210800166
10404,4.11517138431861
10405,4.31733492982543
10406,4.27287745029594
10407,3.85482339422633
10408,3.36918829134646
10409,4.30140509988816
10410,4.13002486449579
10411,4.10375780577156
10412,3.9306038284648
10413,3.92721249278198
10414,4.06347101819988
10415,3.74833127591013
10416,3.90925404084043
10417,2.39033242474669
10418,4.15513138102851
10419,3.84938681526948
10420,4.01652208013882
10421,4.25702617142402
10422,3.43657906211796
10423,3.77307774155304
10424,4.01414908320991
10425,3.87245683671835
10426,3.70197475619113
10427,4.54700691404026
10428,2.26902158420239
10429,4.23492992725887
10430,3.88875335335028
10431,3.92601274254477
10432,4.17961343018388
10433,4.3687991935656
10434,4.30488540216646
10435,4.22681499301841
10436,4.50515450070061
10437,3.5943383312222
10438,4.16826559567697
10439,3.85347903012398
10440,3.4902380134542
10441,3.8497547377355
10442,4.0354124336699
10443,4.56624739126659
10444,3.94053314608858
10445,4.24149244947349
10446,3.87015272100695
10447,3.61009915013624
10448,4.2519722012871
10449,4.39215188107722
10450,4.44867956227511
10451,3.57954140399358
10452,4.22933107899462
10453,3.76847387136097
10454,4.34712491263884
10455,3.73216100110372
10456,4.12193150745612
10457,4.27155124357709
10458,4.41084914765103
10459,4.38703705503694
10460,4.4836362527376
10461,4.07171687823642
10462,3.62963165139151
10463,4.12241385140955
10464,3.35617226879298
10465,3.92325497342647
10466,4.34191012441193
10467,3.9813452239175
10468,4.37170241547842
10469,4.01921396217484
10470,4.37462093413386
10471,3.5049077449599
10472,4.31456737167062
10473,4.30358425175798
10474,3.52590169341053
10475,4.18863910072845
10476,3.67922356187786
10477,3.9322743908578
10478,4.0461156268304
10479,4.68180099509919
10480,4.26907789554098
10481,4.28959404233461
10482,3.49832477296799
10483,4.52817408892314
10484,4.45065817583374
10485,3.87551036694475
10486,4.2286554140959
10487,2.75585530190396
10488,3.84187050796244
10489,3.87767356182565
10490,3.9439201629919
10491,4.48077423168531
10492,4.2718867583428
10493,3.76886744257514
10494,4.26634163838884
10495,4.28667971195108
10496,4.54570134333026
10497,3.99455545619334
10498,3.81374419240111
10499,4.05338503553141
10500,4.12474524946679
10501,4.46287341319641
10502,4.26044181430275
10503,4.11866845237702
10504,4.39894389361015
10505,4.4269392236539
10506,3.78932331736737
10507,4.32551733020189
10508,3.95833071352128
10509,3.81366528887456
10510,3.61011359864789
10511,4.00763145597871
10512,4.43897385207793
10513,3.08479977183014
10514,3.89895404140165
10515,4.12140016755939
10516,3.81053329675428
10517,4.23055315040179
10518,3.9435791896845
10519,4.31508102628624
10520,4.22684989426822
10521,4.37427580015479
10522,4.2889235725586
10523,4.06506738112499
10524,4.34618045167419
10525,3.47614200259632
10526,4.02967645265523
10527,3.67973576175282
10528,3.73756427835986
10529,4.04320413856106
10530,4.49244325355144
10531,4.03672286524524
10532,4.36388426203562
10533,3.13990037543265
10534,4.2638844713356
10535,3.64938965247244
10536,3.80282348403685
10537,3.47577330045619
10538,4.07495028062789
10539,4.43215462991486
10540,3.64728643321364
10541,2.81974002212247
10542,3.89913773840863
10543,4.16095742071599
10544,4.1306802003825
10545,3.79920661826011
10546,4.41360442494401
10547,3.88631337367456
10548,4.05140653756867
10549,3.93279160429592
10550,4.28086528291019
10551,3.6244544214779
10552,3.64816509851768
10553,3.956366972918
10554,4.25144867535302
10555,4.18478072798411
10556,3.35858127621
10557,4.11458193241229
10558,3.59194515145888
10559,4.17649431309545
10560,3.39148078383242
10561,3.68175490767473
10562,2.22856328647719
10563,2.99441905075864
10564,4.12970888203714
10565,3.00749779446843
10566,1.92342767737594
10567,4.39269465087063
10568,3.84651391696456
10569,4.18562577497561
10570,3.1041192571744
10571,3.1294278614722
10572,4.47179962958052
10573,4.08867568876056
10574,4.09615174641271
10575,4.09150906417169
10576,3.92386816204792
10577,4.33742556090467
10578,3.47532093602942
10579,4.06004131206848
10580,3.11508864843262
10581,3.27971619964294
10582,3.50713913598229
10583,4.22530950898764
10584,3.63147803949945
10585,3.91603610784633
10586,3.91294138157261
10587,4.19972750306894
10588,4.16103510931444
10589,3.99722660344068
10590,3.81807368653106
10591,4.70925584312622
10592,4.02474357523873
10593,3.23508013148375
10594,4.200519495726
10595,4.65662095579265
10596,4.11587436048077
10597,4.18656021090165
10598,3.91511686518987
10599,3.72249053180541
10600,4.18394191075194
10601,4.48395541005862
10602,4.25423737670559
10603,4.34592220582792
10604,4.26064956472225
10605,4.31752659795319
10606,3.94984582669514
10607,4.31269472514571
10608,4.16392049055721
10609,4.37417749743872
10610,3.82699380092326
10611,4.25137273571467
10612,4.2449005759805
10613,3.70350127370417
10614,4.33721763932472
10615,3.72488592066998
10616,3.16639147108396
10617,3.4171051930841
10618,3.73175616972061
10619,3.58099913515541
10620,4.57799415729876
10621,4.40652718832604
10622,4.03056745732065
10623,3.48553828611036
10624,3.25248827511414
10625,3.73838815298149
10626,3.41898801716448
10627,4.09154784647354
10628,4.44327868995488
10629,4.18173606081785
10630,4.06584387647924
10631,3.42833853820001
10632,3.94514400834225
10633,4.38296684331868
10634,4.41981428019007
10635,4.12288789164495
10636,3.88937663958826
10637,4.36224967837448
10638,4.48199345419051
10639,2.8615551211754
10640,4.37927488368335
10641,4.11678914644825
10642,3.2784332301132
10643,3.86953734424577
10644,4.25017099552869
10645,4.03457369812767
10646,3.4514943196416
10647,4.40123890165297
10648,4.21841114113856
10649,3.91404426782228
10650,4.11182892106538
10651,4.12535310113688
10652,2.84148346210405
10653,4.10644331670881
10654,2.69486242298217
10655,3.70127768389695
10656,4.51101485415011
10657,3.86399668381138
10658,4.2355393486747
10659,3.89881073319278
10660,4.35705853360742
10661,3.92011626194942
10662,4.10957956021277
10663,4.12334775043109
10664,4.19384233114355
10665,2.29697604094619
10666,3.72155619430202
10667,3.99982257902854
10668,4.000749466843
10669,2.13030019124067
10670,4.41338810329175
10671,3.75936697839005
10672,3.81360735960904
10673,4.37506324712662
10674,4.23140389895912
10675,3.75183365456194
10676,3.56077441813051
10677,4.50334696439579
10678,4.40285955743157
10679,3.94008272195909
10680,3.63426804455303
10681,4.28197967524886
10682,3.67667447288448
10683,4.43347214369532
10684,4.16241644634895
10685,3.89944346302158
10686,3.33338143336302
10687,4.41799248766019
10688,2.45490776895819
10689,3.90894868807746
10690,3.30715178814754
10691,4.39745383760523
10692,4.56228066604658
10693,3.76746186010261
10694,3.55217506742579
10695,4.30420623259214
10696,3.52610869037903
10697,4.08359830575797
10698,4.11469079618601
10699,4.47409065748476
10700,4.40357868548136
10701,4.26639069904571
10702,3.86103882257988
10703,4.093960840039
10704,4.30269628069736
10705,3.74515733645789
10706,4.05616941863474
10707,4.00331863433069
10708,4.07880713509689
10709,4.54766638364742
10710,3.8440134141807
10711,3.53596161860626
10712,2.66958786296609
10713,4.03259137547353
10714,4.09135714762534
10715,3.9890620557436
10716,4.79570923062226
10717,3.90094208713957
10718,4.09512034125976
10719,3.98650573420163
10720,4.07610539643507
10721,3.77680504420672
10722,4.27377013760525
10723,4.45529822702795
10724,2.75449226327878
10725,3.68267787568828
10726,4.36613850538486
10727,4.14508633646248
10728,3.70054528717947
10729,3.78290171340125
10730,4.42098223417581
10731,3.98870653471972
10732,4.40173282788037
10733,2.86571991903311
10734,3.65666055833302
10735,4.13066147889608
10736,3.03314895122055
10737,3.86875392182777
10738,4.16258694913043
10739,4.35627496733586
10740,3.98166724208515
10741,2.98485598694482
10742,4.037297750651
10743,3.89056205472661
10744,4.25270031440775
10745,2.96563402692051
10746,4.32267763578906
10747,4.16503396288915
10748,4.29093605131168
10749,3.96570783984494
10750,4.07221580991483
10751,3.92590410775304
10752,4.30565826638491
10753,4.25718630002443
10754,4.04676849880723
10755,4.24751215137493
10756,3.93613134889766
10757,4.17080248701113
10758,3.33973409612596
10759,4.0931970944442
10760,3.90725095880741
10761,4.19562802795827
10762,3.59868733811055
10763,4.29862180705401
10764,4.30011856248397
10765,3.82567799333161
10766,3.73121709989418
10767,4.46813886160001
10768,4.4116171732502
10769,3.95885187625699
10770,1.96502656266283
10771,5.50080520716301
10772,3.38974867005383
10773,4.2227902091506
10774,3.89696845085582
10775,3.71700139563037
10776,3.85173954633326
10777,4.5803559362146
10778,4.21623145456515
10779,3.3583436437213
10780,3.76854920249193
10781,3.7330923053825
10782,3.69260665153474
10783,4.28863259877321
10784,3.86591726807297
10785,3.46810821617775
10786,3.92508736812318
10787,4.7179839550156
10788,4.22311415365865
10789,3.94144177082481
10790,3.92343542657656
10791,3.59972668628842
10792,4.48482694581385
10793,3.37679530571536
10794,3.72424197838614
10795,4.09868971849545
10796,3.29312666632873
10797,2.72840189451469
10798,4.38611807906859
10799,3.72782411409811
10800,4.38042455509796
10801,3.68628159692336
10802,3.56215939446749
10803,4.11590273451762
10804,4.0349188812468
10805,4.40848773320602
10806,4.05381109932431
10807,3.61259821559564
10808,3.68789984851338
10809,4.04066017578785
10810,4.24645935244978
10811,4.07834256623601
10812,4.63162572269481
10813,4.22122357751574
10814,4.08036668743053
10815,4.41109871468353
10816,4.25273491172592
10817,3.61786177395805
10818,2.65375629779752
10819,4.33563781765313
10820,3.73289083552261
10821,3.91715282431922
10822,4.30635614559997
10823,4.40444287487561
10824,4.68378114154793
10825,3.81825531382523
10826,4.06005638703589
10827,3.44973623185069
10828,4.16073050608435
10829,4.24487959159747
10830,3.63685052363056
10831,3.90842234030087
10832,4.09133013491474
10833,4.38117468112431
10834,2.71844394250178
10835,3.79862111318751
10836,3.74843677851844
10837,4.32582862154971
10838,3.57705675522008
10839,3.46262275013187
10840,3.92193718578042
10841,4.03304114914189
10842,3.8668206147107
10843,3.92308759057695
10844,4.31289991688807
10845,4.12550226467248
10846,1.94909684069752
10847,3.95586331800892
10848,3.46650323270736
10849,4.13200050518806
10850,4.32050473015956
10851,3.80266660181799
10852,3.72610241808984
10853,4.29555151339418
10854,3.02635483111379
10855,3.79111141795103
10856,4.42228133556817
10857,4.36119351310001
10858,4.30221369336276
10859,3.81135706987153
10860,3.86832814471783
10861,3.80238569168625
10862,3.88114103608301
10863,3.92255051112402
10864,4.15602072102145
10865,3.87195478798291
10866,4.48670183525869
10867,4.07357455267607
10868,3.76183887880659
10869,3.77272150813846
10870,4.04658213698185
10871,4.25494457642395
10872,3.73095854549622
10873,4.20678831563571
10874,3.39410287166235
10875,4.31694652965793
10876,3.69185124294378
10877,3.80838873501068
10878,4.6527564967393
10879,3.79950613774084
10880,4.12436320651354
10881,3.91017255941689
10882,4.19025778203193
10883,4.40299507096324
10884,4.64658132809805
10885,4.12424884089898
10886,4.03435867926199
10887,3.52618332929183
10888,3.54333981648549
10889,4.45673178426247
10890,3.45188560290047
10891,4.56275914829055
10892,4.21558894397378
10893,4.38687581358185
10894,4.25814571602641
10895,4.41159894464853
10896,4.4888178111192
10897,3.97608890469995
10898,3.76758905249661
10899,3.79575471565503
10900,4.18797649587116
10901,4.42879203061941
10902,4.14099253653544
10903,4.16889113726148
10904,3.73174006804359
10905,4.00397820021225
10906,3.55773325646453
10907,4.08164613832543
10908,4.08670663771969
10909,3.96285534983952
10910,4.56090134296593
10911,3.9829015917294
10912,3.8376874801271
10913,4.01726911352105
10914,4.33338988238969
10915,4.13056708979551
10916,4.08048995855306
10917,4.4481535495498
10918,3.93183579911432
10919,3.61355921721664
10920,3.7716413395033
10921,3.62028022436484
10922,4.15715614087091
10923,4.13907383558874
10924,4.01736266843854
10925,4.28342141776298
10926,2.61103113004856
10927,3.86340606453482
10928,3.91200212016213
10929,4.50615387580579
10930,4.32005739252042
10931,4.14030765795679
10932,3.81699210676772
10933,3.35855102737169
10934,4.1594867743434
10935,3.0498500650022
10936,4.09243354261513
10937,3.89120126550029
10938,3.52246677327473
10939,4.85708310415645
10940,3.59895380049313
10941,4.21175100161676
10942,3.86816391779798
10943,4.0052970931745
10944,3.47131324293147
10945,2.80989355128387
10946,4.02998240054197
10947,4.38890829372254
10948,3.72583685003661
10949,4.44360070238273
10950,4.05948798432947
10951,3.99726648702659
10952,4.14101634897315
10953,3.80237918348838
10954,3.56453442692048
10955,4.03683437186717
10956,3.58447550579884
10957,4.09286360658105
10958,4.30471521762478
10959,4.06107335338505
10960,4.11963620858619
10961,4.28386414334957
10962,3.95856414194613
10963,3.70690301287815
10964,4.13272092124432
10965,3.40424197475729
10966,4.03451293567465
10967,4.06700269778591
10968,4.72731093095206
